[     354ms] [INFO] %cDownload the React DevTools for a better development experience: https://react.dev/link/react-devtools font-weight:bold @ http://127.0.0.1:3000/_next/static/chunks/node_modules_next_dist_f3530cac._.js:2297
[     442ms] [LOG] [HMR] connected @ http://127.0.0.1:3000/_next/static/chunks/node_modules_next_dist_f3530cac._.js:2297
[     458ms] [ERROR] ./components/content/FaqPageContent.tsx:59:17
Parsing ecmascript source code failed
  57 |               }}
  58 |             />
> 59 |           </div>
     |                 ^
> 60 |         </section>
     | ^^^^^^^^^
  61 |       </div>
  62 |
  63 |       <RevealOnView>

Expected '</', got 'jsx text'

Import trace:
  Server Component:
    ./components/content/FaqPageContent.tsx
    ./app/faq/page.tsx @ http://127.0.0.1:3000/_next/static/chunks/node_modules_next_dist_f3530cac._.js:3127
[     614ms] [LOG] [Fast Refresh] rebuilding @ http://127.0.0.1:3000/_next/static/chunks/node_modules_next_dist_f3530cac._.js:2297
[     685ms] [ERROR] ./components/content/FaqPageContent.tsx:59:17
Parsing ecmascript source code failed
  57 |               }}
  58 |             />
> 59 |           </div>
     |                 ^
> 60 |         </section>
     | ^^^^^^^^^
  61 |       </div>
  62 |
  63 |       <RevealOnView>

Expected '</', got 'jsx text'

Import trace:
  Server Component:
    ./components/content/FaqPageContent.tsx
    ./app/faq/page.tsx @ http://127.0.0.1:3000/_next/static/chunks/node_modules_next_dist_f3530cac._.js:3127
[     747ms] [ERROR] ./components/content/FaqPageContent.tsx:59:17
Parsing ecmascript source code failed
  57 |               }}
  58 |             />
> 59 |           </div>
     |                 ^
> 60 |         </section>
     | ^^^^^^^^^
  61 |       </div>
  62 |
  63 |       <RevealOnView>

Expected '</', got 'jsx text'

Import trace:
  Server Component:
    ./components/content/FaqPageContent.tsx
    ./app/faq/page.tsx @ http://127.0.0.1:3000/_next/static/chunks/node_modules_next_dist_f3530cac._.js:3127
[     808ms] [ERROR] ./components/content/FaqPageContent.tsx:59:17
Parsing ecmascript source code failed
  57 |               }}
  58 |             />
> 59 |           </div>
     |                 ^
> 60 |         </section>
     | ^^^^^^^^^
  61 |       </div>
  62 |
  63 |       <RevealOnView>

Expected '</', got 'jsx text'

Import trace:
  Server Component:
    ./components/content/FaqPageContent.tsx
    ./app/faq/page.tsx @ http://127.0.0.1:3000/_next/static/chunks/node_modules_next_dist_f3530cac._.js:3127
[     864ms] [ERROR] ./components/content/FaqPageContent.tsx:59:17
Parsing ecmascript source code failed
  57 |               }}
  58 |             />
> 59 |           </div>
     |                 ^
> 60 |         </section>
     | ^^^^^^^^^
  61 |       </div>
  62 |
  63 |       <RevealOnView>

Expected '</', got 'jsx text'

Import trace:
  Server Component:
    ./components/content/FaqPageContent.tsx
    ./app/faq/page.tsx @ http://127.0.0.1:3000/_next/static/chunks/node_modules_next_dist_f3530cac._.js:3127
[     919ms] [ERROR] ./components/content/FaqPageContent.tsx:59:17
Parsing ecmascript source code failed
  57 |               }}
  58 |             />
> 59 |           </div>
     |                 ^
> 60 |         </section>
     | ^^^^^^^^^
  61 |       </div>
  62 |
  63 |       <RevealOnView>

Expected '</', got 'jsx text'

Import trace:
  Server Component:
    ./components/content/FaqPageContent.tsx
    ./app/faq/page.tsx @ http://127.0.0.1:3000/_next/static/chunks/node_modules_next_dist_f3530cac._.js:3127
[     974ms] [ERROR] ./components/content/FaqPageContent.tsx:59:17
Parsing ecmascript source code failed
  57 |               }}
  58 |             />
> 59 |           </div>
     |                 ^
> 60 |         </section>
     | ^^^^^^^^^
  61 |       </div>
  62 |
  63 |       <RevealOnView>

Expected '</', got 'jsx text'

Import trace:
  Server Component:
    ./components/content/FaqPageContent.tsx
    ./app/faq/page.tsx @ http://127.0.0.1:3000/_next/static/chunks/node_modules_next_dist_f3530cac._.js:3127
[    1027ms] [ERROR] ./components/content/FaqPageContent.tsx:59:17
Parsing ecmascript source code failed
  57 |               }}
  58 |             />
> 59 |           </div>
     |                 ^
> 60 |         </section>
     | ^^^^^^^^^
  61 |       </div>
  62 |
  63 |       <RevealOnView>

Expected '</', got 'jsx text'

Import trace:
  Server Component:
    ./components/content/FaqPageContent.tsx
    ./app/faq/page.tsx @ http://127.0.0.1:3000/_next/static/chunks/node_modules_next_dist_f3530cac._.js:3127
[    1080ms] [ERROR] ./components/content/FaqPageContent.tsx:59:17
Parsing ecmascript source code failed
  57 |               }}
  58 |             />
> 59 |           </div>
     |                 ^
> 60 |         </section>
     | ^^^^^^^^^
  61 |       </div>
  62 |
  63 |       <RevealOnView>

Expected '</', got 'jsx text'

Import trace:
  Server Component:
    ./components/content/FaqPageContent.tsx
    ./app/faq/page.tsx @ http://127.0.0.1:3000/_next/static/chunks/node_modules_next_dist_f3530cac._.js:3127
[    1134ms] [ERROR] ./components/content/FaqPageContent.tsx:59:17
Parsing ecmascript source code failed
  57 |               }}
  58 |             />
> 59 |           </div>
     |                 ^
> 60 |         </section>
     | ^^^^^^^^^
  61 |       </div>
  62 |
  63 |       <RevealOnView>

Expected '</', got 'jsx text'

Import trace:
  Server Component:
    ./components/content/FaqPageContent.tsx
    ./app/faq/page.tsx @ http://127.0.0.1:3000/_next/static/chunks/node_modules_next_dist_f3530cac._.js:3127
[    1187ms] [ERROR] ./components/content/FaqPageContent.tsx:59:17
Parsing ecmascript source code failed
  57 |               }}
  58 |             />
> 59 |           </div>
     |                 ^
> 60 |         </section>
     | ^^^^^^^^^
  61 |       </div>
  62 |
  63 |       <RevealOnView>

Expected '</', got 'jsx text'

Import trace:
  Server Component:
    ./components/content/FaqPageContent.tsx
    ./app/faq/page.tsx @ http://127.0.0.1:3000/_next/static/chunks/node_modules_next_dist_f3530cac._.js:3127
[    1239ms] [ERROR] ./components/content/FaqPageContent.tsx:59:17
Parsing ecmascript source code failed
  57 |               }}
  58 |             />
> 59 |           </div>
     |                 ^
> 60 |         </section>
     | ^^^^^^^^^
  61 |       </div>
  62 |
  63 |       <RevealOnView>

Expected '</', got 'jsx text'

Import trace:
  Server Component:
    ./components/content/FaqPageContent.tsx
    ./app/faq/page.tsx @ http://127.0.0.1:3000/_next/static/chunks/node_modules_next_dist_f3530cac._.js:3127
[    1291ms] [ERROR] ./components/content/FaqPageContent.tsx:59:17
Parsing ecmascript source code failed
  57 |               }}
  58 |             />
> 59 |           </div>
     |                 ^
> 60 |         </section>
     | ^^^^^^^^^
  61 |       </div>
  62 |
  63 |       <RevealOnView>

Expected '</', got 'jsx text'

Import trace:
  Server Component:
    ./components/content/FaqPageContent.tsx
    ./app/faq/page.tsx @ http://127.0.0.1:3000/_next/static/chunks/node_modules_next_dist_f3530cac._.js:3127
[    1352ms] [ERROR] ./components/content/FaqPageContent.tsx:59:17
Parsing ecmascript source code failed
  57 |               }}
  58 |             />
> 59 |           </div>
     |                 ^
> 60 |         </section>
     | ^^^^^^^^^
  61 |       </div>
  62 |
  63 |       <RevealOnView>

Expected '</', got 'jsx text'

Import trace:
  Server Component:
    ./components/content/FaqPageContent.tsx
    ./app/faq/page.tsx @ http://127.0.0.1:3000/_next/static/chunks/node_modules_next_dist_f3530cac._.js:3127
[    1406ms] [ERROR] ./components/content/FaqPageContent.tsx:59:17
Parsing ecmascript source code failed
  57 |               }}
  58 |             />
> 59 |           </div>
     |                 ^
> 60 |         </section>
     | ^^^^^^^^^
  61 |       </div>
  62 |
  63 |       <RevealOnView>

Expected '</', got 'jsx text'

Import trace:
  Server Component:
    ./components/content/FaqPageContent.tsx
    ./app/faq/page.tsx @ http://127.0.0.1:3000/_next/static/chunks/node_modules_next_dist_f3530cac._.js:3127
[    1458ms] [ERROR] ./components/content/FaqPageContent.tsx:59:17
Parsing ecmascript source code failed
  57 |               }}
  58 |             />
> 59 |           </div>
     |                 ^
> 60 |         </section>
     | ^^^^^^^^^
  61 |       </div>
  62 |
  63 |       <RevealOnView>

Expected '</', got 'jsx text'

Import trace:
  Server Component:
    ./components/content/FaqPageContent.tsx
    ./app/faq/page.tsx @ http://127.0.0.1:3000/_next/static/chunks/node_modules_next_dist_f3530cac._.js:3127
[    1515ms] [ERROR] ./components/content/FaqPageContent.tsx:59:17
Parsing ecmascript source code failed
  57 |               }}
  58 |             />
> 59 |           </div>
     |                 ^
> 60 |         </section>
     | ^^^^^^^^^
  61 |       </div>
  62 |
  63 |       <RevealOnView>

Expected '</', got 'jsx text'

Import trace:
  Server Component:
    ./components/content/FaqPageContent.tsx
    ./app/faq/page.tsx @ http://127.0.0.1:3000/_next/static/chunks/node_modules_next_dist_f3530cac._.js:3127
[    1570ms] [ERROR] ./components/content/FaqPageContent.tsx:59:17
Parsing ecmascript source code failed
  57 |               }}
  58 |             />
> 59 |           </div>
     |                 ^
> 60 |         </section>
     | ^^^^^^^^^
  61 |       </div>
  62 |
  63 |       <RevealOnView>

Expected '</', got 'jsx text'

Import trace:
  Server Component:
    ./components/content/FaqPageContent.tsx
    ./app/faq/page.tsx @ http://127.0.0.1:3000/_next/static/chunks/node_modules_next_dist_f3530cac._.js:3127
[    1624ms] [ERROR] ./components/content/FaqPageContent.tsx:59:17
Parsing ecmascript source code failed
  57 |               }}
  58 |             />
> 59 |           </div>
     |                 ^
> 60 |         </section>
     | ^^^^^^^^^
  61 |       </div>
  62 |
  63 |       <RevealOnView>

Expected '</', got 'jsx text'

Import trace:
  Server Component:
    ./components/content/FaqPageContent.tsx
    ./app/faq/page.tsx @ http://127.0.0.1:3000/_next/static/chunks/node_modules_next_dist_f3530cac._.js:3127
[    1677ms] [ERROR] ./components/content/FaqPageContent.tsx:59:17
Parsing ecmascript source code failed
  57 |               }}
  58 |             />
> 59 |           </div>
     |                 ^
> 60 |         </section>
     | ^^^^^^^^^
  61 |       </div>
  62 |
  63 |       <RevealOnView>

Expected '</', got 'jsx text'

Import trace:
  Server Component:
    ./components/content/FaqPageContent.tsx
    ./app/faq/page.tsx @ http://127.0.0.1:3000/_next/static/chunks/node_modules_next_dist_f3530cac._.js:3127
[    1730ms] [ERROR] ./components/content/FaqPageContent.tsx:59:17
Parsing ecmascript source code failed
  57 |               }}
  58 |             />
> 59 |           </div>
     |                 ^
> 60 |         </section>
     | ^^^^^^^^^
  61 |       </div>
  62 |
  63 |       <RevealOnView>

Expected '</', got 'jsx text'

Import trace:
  Server Component:
    ./components/content/FaqPageContent.tsx
    ./app/faq/page.tsx @ http://127.0.0.1:3000/_next/static/chunks/node_modules_next_dist_f3530cac._.js:3127
[    1782ms] [ERROR] ./components/content/FaqPageContent.tsx:59:17
Parsing ecmascript source code failed
  57 |               }}
  58 |             />
> 59 |           </div>
     |                 ^
> 60 |         </section>
     | ^^^^^^^^^
  61 |       </div>
  62 |
  63 |       <RevealOnView>

Expected '</', got 'jsx text'

Import trace:
  Server Component:
    ./components/content/FaqPageContent.tsx
    ./app/faq/page.tsx @ http://127.0.0.1:3000/_next/static/chunks/node_modules_next_dist_f3530cac._.js:3127
[    1835ms] [ERROR] ./components/content/FaqPageContent.tsx:59:17
Parsing ecmascript source code failed
  57 |               }}
  58 |             />
> 59 |           </div>
     |                 ^
> 60 |         </section>
     | ^^^^^^^^^
  61 |       </div>
  62 |
  63 |       <RevealOnView>

Expected '</', got 'jsx text'

Import trace:
  Server Component:
    ./components/content/FaqPageContent.tsx
    ./app/faq/page.tsx @ http://127.0.0.1:3000/_next/static/chunks/node_modules_next_dist_f3530cac._.js:3127
[    1889ms] [ERROR] ./components/content/FaqPageContent.tsx:59:17
Parsing ecmascript source code failed
  57 |               }}
  58 |             />
> 59 |           </div>
     |                 ^
> 60 |         </section>
     | ^^^^^^^^^
  61 |       </div>
  62 |
  63 |       <RevealOnView>

Expected '</', got 'jsx text'

Import trace:
  Server Component:
    ./components/content/FaqPageContent.tsx
    ./app/faq/page.tsx @ http://127.0.0.1:3000/_next/static/chunks/node_modules_next_dist_f3530cac._.js:3127
[    1935ms] [ERROR] ./components/content/FaqPageContent.tsx:59:17
Parsing ecmascript source code failed
  57 |               }}
  58 |             />
> 59 |           </div>
     |                 ^
> 60 |         </section>
     | ^^^^^^^^^
  61 |       </div>
  62 |
  63 |       <RevealOnView>

Expected '</', got 'jsx text'

Import trace:
  Server Component:
    ./components/content/FaqPageContent.tsx
    ./app/faq/page.tsx @ http://127.0.0.1:3000/_next/static/chunks/node_modules_next_dist_f3530cac._.js:3127
[    1986ms] [ERROR] ./components/content/FaqPageContent.tsx:59:17
Parsing ecmascript source code failed
  57 |               }}
  58 |             />
> 59 |           </div>
     |                 ^
> 60 |         </section>
     | ^^^^^^^^^
  61 |       </div>
  62 |
  63 |       <RevealOnView>

Expected '</', got 'jsx text'

Import trace:
  Server Component:
    ./components/content/FaqPageContent.tsx
    ./app/faq/page.tsx @ http://127.0.0.1:3000/_next/static/chunks/node_modules_next_dist_f3530cac._.js:3127
[    2038ms] [ERROR] ./components/content/FaqPageContent.tsx:59:17
Parsing ecmascript source code failed
  57 |               }}
  58 |             />
> 59 |           </div>
     |                 ^
> 60 |         </section>
     | ^^^^^^^^^
  61 |       </div>
  62 |
  63 |       <RevealOnView>

Expected '</', got 'jsx text'

Import trace:
  Server Component:
    ./components/content/FaqPageContent.tsx
    ./app/faq/page.tsx @ http://127.0.0.1:3000/_next/static/chunks/node_modules_next_dist_f3530cac._.js:3127
[    2090ms] [ERROR] ./components/content/FaqPageContent.tsx:59:17
Parsing ecmascript source code failed
  57 |               }}
  58 |             />
> 59 |           </div>
     |                 ^
> 60 |         </section>
     | ^^^^^^^^^
  61 |       </div>
  62 |
  63 |       <RevealOnView>

Expected '</', got 'jsx text'

Import trace:
  Server Component:
    ./components/content/FaqPageContent.tsx
    ./app/faq/page.tsx @ http://127.0.0.1:3000/_next/static/chunks/node_modules_next_dist_f3530cac._.js:3127
[    2145ms] [ERROR] ./components/content/FaqPageContent.tsx:59:17
Parsing ecmascript source code failed
  57 |               }}
  58 |             />
> 59 |           </div>
     |                 ^
> 60 |         </section>
     | ^^^^^^^^^
  61 |       </div>
  62 |
  63 |       <RevealOnView>

Expected '</', got 'jsx text'

Import trace:
  Server Component:
    ./components/content/FaqPageContent.tsx
    ./app/faq/page.tsx @ http://127.0.0.1:3000/_next/static/chunks/node_modules_next_dist_f3530cac._.js:3127
[    2200ms] [ERROR] ./components/content/FaqPageContent.tsx:59:17
Parsing ecmascript source code failed
  57 |               }}
  58 |             />
> 59 |           </div>
     |                 ^
> 60 |         </section>
     | ^^^^^^^^^
  61 |       </div>
  62 |
  63 |       <RevealOnView>

Expected '</', got 'jsx text'

Import trace:
  Server Component:
    ./components/content/FaqPageContent.tsx
    ./app/faq/page.tsx @ http://127.0.0.1:3000/_next/static/chunks/node_modules_next_dist_f3530cac._.js:3127
[    2251ms] [ERROR] ./components/content/FaqPageContent.tsx:59:17
Parsing ecmascript source code failed
  57 |               }}
  58 |             />
> 59 |           </div>
     |                 ^
> 60 |         </section>
     | ^^^^^^^^^
  61 |       </div>
  62 |
  63 |       <RevealOnView>

Expected '</', got 'jsx text'

Import trace:
  Server Component:
    ./components/content/FaqPageContent.tsx
    ./app/faq/page.tsx @ http://127.0.0.1:3000/_next/static/chunks/node_modules_next_dist_f3530cac._.js:3127
[    2310ms] [ERROR] ./components/content/FaqPageContent.tsx:59:17
Parsing ecmascript source code failed
  57 |               }}
  58 |             />
> 59 |           </div>
     |                 ^
> 60 |         </section>
     | ^^^^^^^^^
  61 |       </div>
  62 |
  63 |       <RevealOnView>

Expected '</', got 'jsx text'

Import trace:
  Server Component:
    ./components/content/FaqPageContent.tsx
    ./app/faq/page.tsx @ http://127.0.0.1:3000/_next/static/chunks/node_modules_next_dist_f3530cac._.js:3127
[    2365ms] [ERROR] ./components/content/FaqPageContent.tsx:59:17
Parsing ecmascript source code failed
  57 |               }}
  58 |             />
> 59 |           </div>
     |                 ^
> 60 |         </section>
     | ^^^^^^^^^
  61 |       </div>
  62 |
  63 |       <RevealOnView>

Expected '</', got 'jsx text'

Import trace:
  Server Component:
    ./components/content/FaqPageContent.tsx
    ./app/faq/page.tsx @ http://127.0.0.1:3000/_next/static/chunks/node_modules_next_dist_f3530cac._.js:3127
[    2409ms] [ERROR] ./components/content/FaqPageContent.tsx:59:17
Parsing ecmascript source code failed
  57 |               }}
  58 |             />
> 59 |           </div>
     |                 ^
> 60 |         </section>
     | ^^^^^^^^^
  61 |       </div>
  62 |
  63 |       <RevealOnView>

Expected '</', got 'jsx text'

Import trace:
  Server Component:
    ./components/content/FaqPageContent.tsx
    ./app/faq/page.tsx @ http://127.0.0.1:3000/_next/static/chunks/node_modules_next_dist_f3530cac._.js:3127
[    2461ms] [ERROR] ./components/content/FaqPageContent.tsx:59:17
Parsing ecmascript source code failed
  57 |               }}
  58 |             />
> 59 |           </div>
     |                 ^
> 60 |         </section>
     | ^^^^^^^^^
  61 |       </div>
  62 |
  63 |       <RevealOnView>

Expected '</', got 'jsx text'

Import trace:
  Server Component:
    ./components/content/FaqPageContent.tsx
    ./app/faq/page.tsx @ http://127.0.0.1:3000/_next/static/chunks/node_modules_next_dist_f3530cac._.js:3127
[    2514ms] [ERROR] ./components/content/FaqPageContent.tsx:59:17
Parsing ecmascript source code failed
  57 |               }}
  58 |             />
> 59 |           </div>
     |                 ^
> 60 |         </section>
     | ^^^^^^^^^
  61 |       </div>
  62 |
  63 |       <RevealOnView>

Expected '</', got 'jsx text'

Import trace:
  Server Component:
    ./components/content/FaqPageContent.tsx
    ./app/faq/page.tsx @ http://127.0.0.1:3000/_next/static/chunks/node_modules_next_dist_f3530cac._.js:3127
[    2559ms] [ERROR] ./components/content/FaqPageContent.tsx:59:17
Parsing ecmascript source code failed
  57 |               }}
  58 |             />
> 59 |           </div>
     |                 ^
> 60 |         </section>
     | ^^^^^^^^^
  61 |       </div>
  62 |
  63 |       <RevealOnView>

Expected '</', got 'jsx text'

Import trace:
  Server Component:
    ./components/content/FaqPageContent.tsx
    ./app/faq/page.tsx @ http://127.0.0.1:3000/_next/static/chunks/node_modules_next_dist_f3530cac._.js:3127
[    2614ms] [ERROR] ./components/content/FaqPageContent.tsx:59:17
Parsing ecmascript source code failed
  57 |               }}
  58 |             />
> 59 |           </div>
     |                 ^
> 60 |         </section>
     | ^^^^^^^^^
  61 |       </div>
  62 |
  63 |       <RevealOnView>

Expected '</', got 'jsx text'

Import trace:
  Server Component:
    ./components/content/FaqPageContent.tsx
    ./app/faq/page.tsx @ http://127.0.0.1:3000/_next/static/chunks/node_modules_next_dist_f3530cac._.js:3127
[    2665ms] [ERROR] ./components/content/FaqPageContent.tsx:59:17
Parsing ecmascript source code failed
  57 |               }}
  58 |             />
> 59 |           </div>
     |                 ^
> 60 |         </section>
     | ^^^^^^^^^
  61 |       </div>
  62 |
  63 |       <RevealOnView>

Expected '</', got 'jsx text'

Import trace:
  Server Component:
    ./components/content/FaqPageContent.tsx
    ./app/faq/page.tsx @ http://127.0.0.1:3000/_next/static/chunks/node_modules_next_dist_f3530cac._.js:3127
[    2708ms] [ERROR] ./components/content/FaqPageContent.tsx:59:17
Parsing ecmascript source code failed
  57 |               }}
  58 |             />
> 59 |           </div>
     |                 ^
> 60 |         </section>
     | ^^^^^^^^^
  61 |       </div>
  62 |
  63 |       <RevealOnView>

Expected '</', got 'jsx text'

Import trace:
  Server Component:
    ./components/content/FaqPageContent.tsx
    ./app/faq/page.tsx @ http://127.0.0.1:3000/_next/static/chunks/node_modules_next_dist_f3530cac._.js:3127
[    2752ms] [ERROR] ./components/content/FaqPageContent.tsx:59:17
Parsing ecmascript source code failed
  57 |               }}
  58 |             />
> 59 |           </div>
     |                 ^
> 60 |         </section>
     | ^^^^^^^^^
  61 |       </div>
  62 |
  63 |       <RevealOnView>

Expected '</', got 'jsx text'

Import trace:
  Server Component:
    ./components/content/FaqPageContent.tsx
    ./app/faq/page.tsx @ http://127.0.0.1:3000/_next/static/chunks/node_modules_next_dist_f3530cac._.js:3127
[    2803ms] [ERROR] ./components/content/FaqPageContent.tsx:59:17
Parsing ecmascript source code failed
  57 |               }}
  58 |             />
> 59 |           </div>
     |                 ^
> 60 |         </section>
     | ^^^^^^^^^
  61 |       </div>
  62 |
  63 |       <RevealOnView>

Expected '</', got 'jsx text'

Import trace:
  Server Component:
    ./components/content/FaqPageContent.tsx
    ./app/faq/page.tsx @ http://127.0.0.1:3000/_next/static/chunks/node_modules_next_dist_f3530cac._.js:3127
[    2855ms] [ERROR] ./components/content/FaqPageContent.tsx:59:17
Parsing ecmascript source code failed
  57 |               }}
  58 |             />
> 59 |           </div>
     |                 ^
> 60 |         </section>
     | ^^^^^^^^^
  61 |       </div>
  62 |
  63 |       <RevealOnView>

Expected '</', got 'jsx text'

Import trace:
  Server Component:
    ./components/content/FaqPageContent.tsx
    ./app/faq/page.tsx @ http://127.0.0.1:3000/_next/static/chunks/node_modules_next_dist_f3530cac._.js:3127
[    2908ms] [ERROR] ./components/content/FaqPageContent.tsx:59:17
Parsing ecmascript source code failed
  57 |               }}
  58 |             />
> 59 |           </div>
     |                 ^
> 60 |         </section>
     | ^^^^^^^^^
  61 |       </div>
  62 |
  63 |       <RevealOnView>

Expected '</', got 'jsx text'

Import trace:
  Server Component:
    ./components/content/FaqPageContent.tsx
    ./app/faq/page.tsx @ http://127.0.0.1:3000/_next/static/chunks/node_modules_next_dist_f3530cac._.js:3127
[    2959ms] [ERROR] ./components/content/FaqPageContent.tsx:59:17
Parsing ecmascript source code failed
  57 |               }}
  58 |             />
> 59 |           </div>
     |                 ^
> 60 |         </section>
     | ^^^^^^^^^
  61 |       </div>
  62 |
  63 |       <RevealOnView>

Expected '</', got 'jsx text'

Import trace:
  Server Component:
    ./components/content/FaqPageContent.tsx
    ./app/faq/page.tsx @ http://127.0.0.1:3000/_next/static/chunks/node_modules_next_dist_f3530cac._.js:3127
[    3010ms] [ERROR] ./components/content/FaqPageContent.tsx:59:17
Parsing ecmascript source code failed
  57 |               }}
  58 |             />
> 59 |           </div>
     |                 ^
> 60 |         </section>
     | ^^^^^^^^^
  61 |       </div>
  62 |
  63 |       <RevealOnView>

Expected '</', got 'jsx text'

Import trace:
  Server Component:
    ./components/content/FaqPageContent.tsx
    ./app/faq/page.tsx @ http://127.0.0.1:3000/_next/static/chunks/node_modules_next_dist_f3530cac._.js:3127
[    3065ms] [ERROR] ./components/content/FaqPageContent.tsx:59:17
Parsing ecmascript source code failed
  57 |               }}
  58 |             />
> 59 |           </div>
     |                 ^
> 60 |         </section>
     | ^^^^^^^^^
  61 |       </div>
  62 |
  63 |       <RevealOnView>

Expected '</', got 'jsx text'

Import trace:
  Server Component:
    ./components/content/FaqPageContent.tsx
    ./app/faq/page.tsx @ http://127.0.0.1:3000/_next/static/chunks/node_modules_next_dist_f3530cac._.js:3127
[    3117ms] [ERROR] ./components/content/FaqPageContent.tsx:59:17
Parsing ecmascript source code failed
  57 |               }}
  58 |             />
> 59 |           </div>
     |                 ^
> 60 |         </section>
     | ^^^^^^^^^
  61 |       </div>
  62 |
  63 |       <RevealOnView>

Expected '</', got 'jsx text'

Import trace:
  Server Component:
    ./components/content/FaqPageContent.tsx
    ./app/faq/page.tsx @ http://127.0.0.1:3000/_next/static/chunks/node_modules_next_dist_f3530cac._.js:3127
[    3169ms] [ERROR] ./components/content/FaqPageContent.tsx:59:17
Parsing ecmascript source code failed
  57 |               }}
  58 |             />
> 59 |           </div>
     |                 ^
> 60 |         </section>
     | ^^^^^^^^^
  61 |       </div>
  62 |
  63 |       <RevealOnView>

Expected '</', got 'jsx text'

Import trace:
  Server Component:
    ./components/content/FaqPageContent.tsx
    ./app/faq/page.tsx @ http://127.0.0.1:3000/_next/static/chunks/node_modules_next_dist_f3530cac._.js:3127
[    3222ms] [ERROR] ./components/content/FaqPageContent.tsx:59:17
Parsing ecmascript source code failed
  57 |               }}
  58 |             />
> 59 |           </div>
     |                 ^
> 60 |         </section>
     | ^^^^^^^^^
  61 |       </div>
  62 |
  63 |       <RevealOnView>

Expected '</', got 'jsx text'

Import trace:
  Server Component:
    ./components/content/FaqPageContent.tsx
    ./app/faq/page.tsx @ http://127.0.0.1:3000/_next/static/chunks/node_modules_next_dist_f3530cac._.js:3127
[    3274ms] [ERROR] ./components/content/FaqPageContent.tsx:59:17
Parsing ecmascript source code failed
  57 |               }}
  58 |             />
> 59 |           </div>
     |                 ^
> 60 |         </section>
     | ^^^^^^^^^
  61 |       </div>
  62 |
  63 |       <RevealOnView>

Expected '</', got 'jsx text'

Import trace:
  Server Component:
    ./components/content/FaqPageContent.tsx
    ./app/faq/page.tsx @ http://127.0.0.1:3000/_next/static/chunks/node_modules_next_dist_f3530cac._.js:3127
[    3318ms] [ERROR] ./components/content/FaqPageContent.tsx:59:17
Parsing ecmascript source code failed
  57 |               }}
  58 |             />
> 59 |           </div>
     |                 ^
> 60 |         </section>
     | ^^^^^^^^^
  61 |       </div>
  62 |
  63 |       <RevealOnView>

Expected '</', got 'jsx text'

Import trace:
  Server Component:
    ./components/content/FaqPageContent.tsx
    ./app/faq/page.tsx @ http://127.0.0.1:3000/_next/static/chunks/node_modules_next_dist_f3530cac._.js:3127
[    3369ms] [ERROR] ./components/content/FaqPageContent.tsx:59:17
Parsing ecmascript source code failed
  57 |               }}
  58 |             />
> 59 |           </div>
     |                 ^
> 60 |         </section>
     | ^^^^^^^^^
  61 |       </div>
  62 |
  63 |       <RevealOnView>

Expected '</', got 'jsx text'

Import trace:
  Server Component:
    ./components/content/FaqPageContent.tsx
    ./app/faq/page.tsx @ http://127.0.0.1:3000/_next/static/chunks/node_modules_next_dist_f3530cac._.js:3127
[    3420ms] [ERROR] ./components/content/FaqPageContent.tsx:59:17
Parsing ecmascript source code failed
  57 |               }}
  58 |             />
> 59 |           </div>
     |                 ^
> 60 |         </section>
     | ^^^^^^^^^
  61 |       </div>
  62 |
  63 |       <RevealOnView>

Expected '</', got 'jsx text'

Import trace:
  Server Component:
    ./components/content/FaqPageContent.tsx
    ./app/faq/page.tsx @ http://127.0.0.1:3000/_next/static/chunks/node_modules_next_dist_f3530cac._.js:3127
[    3472ms] [ERROR] ./components/content/FaqPageContent.tsx:59:17
Parsing ecmascript source code failed
  57 |               }}
  58 |             />
> 59 |           </div>
     |                 ^
> 60 |         </section>
     | ^^^^^^^^^
  61 |       </div>
  62 |
  63 |       <RevealOnView>

Expected '</', got 'jsx text'

Import trace:
  Server Component:
    ./components/content/FaqPageContent.tsx
    ./app/faq/page.tsx @ http://127.0.0.1:3000/_next/static/chunks/node_modules_next_dist_f3530cac._.js:3127
[    3525ms] [ERROR] ./components/content/FaqPageContent.tsx:59:17
Parsing ecmascript source code failed
  57 |               }}
  58 |             />
> 59 |           </div>
     |                 ^
> 60 |         </section>
     | ^^^^^^^^^
  61 |       </div>
  62 |
  63 |       <RevealOnView>

Expected '</', got 'jsx text'

Import trace:
  Server Component:
    ./components/content/FaqPageContent.tsx
    ./app/faq/page.tsx @ http://127.0.0.1:3000/_next/static/chunks/node_modules_next_dist_f3530cac._.js:3127
[    3575ms] [ERROR] ./components/content/FaqPageContent.tsx:59:17
Parsing ecmascript source code failed
  57 |               }}
  58 |             />
> 59 |           </div>
     |                 ^
> 60 |         </section>
     | ^^^^^^^^^
  61 |       </div>
  62 |
  63 |       <RevealOnView>

Expected '</', got 'jsx text'

Import trace:
  Server Component:
    ./components/content/FaqPageContent.tsx
    ./app/faq/page.tsx @ http://127.0.0.1:3000/_next/static/chunks/node_modules_next_dist_f3530cac._.js:3127
[    3627ms] [ERROR] ./components/content/FaqPageContent.tsx:59:17
Parsing ecmascript source code failed
  57 |               }}
  58 |             />
> 59 |           </div>
     |                 ^
> 60 |         </section>
     | ^^^^^^^^^
  61 |       </div>
  62 |
  63 |       <RevealOnView>

Expected '</', got 'jsx text'

Import trace:
  Server Component:
    ./components/content/FaqPageContent.tsx
    ./app/faq/page.tsx @ http://127.0.0.1:3000/_next/static/chunks/node_modules_next_dist_f3530cac._.js:3127
[    3681ms] [ERROR] ./components/content/FaqPageContent.tsx:59:17
Parsing ecmascript source code failed
  57 |               }}
  58 |             />
> 59 |           </div>
     |                 ^
> 60 |         </section>
     | ^^^^^^^^^
  61 |       </div>
  62 |
  63 |       <RevealOnView>

Expected '</', got 'jsx text'

Import trace:
  Server Component:
    ./components/content/FaqPageContent.tsx
    ./app/faq/page.tsx @ http://127.0.0.1:3000/_next/static/chunks/node_modules_next_dist_f3530cac._.js:3127
[    3733ms] [ERROR] ./components/content/FaqPageContent.tsx:59:17
Parsing ecmascript source code failed
  57 |               }}
  58 |             />
> 59 |           </div>
     |                 ^
> 60 |         </section>
     | ^^^^^^^^^
  61 |       </div>
  62 |
  63 |       <RevealOnView>

Expected '</', got 'jsx text'

Import trace:
  Server Component:
    ./components/content/FaqPageContent.tsx
    ./app/faq/page.tsx @ http://127.0.0.1:3000/_next/static/chunks/node_modules_next_dist_f3530cac._.js:3127
[    3786ms] [ERROR] ./components/content/FaqPageContent.tsx:59:17
Parsing ecmascript source code failed
  57 |               }}
  58 |             />
> 59 |           </div>
     |                 ^
> 60 |         </section>
     | ^^^^^^^^^
  61 |       </div>
  62 |
  63 |       <RevealOnView>

Expected '</', got 'jsx text'

Import trace:
  Server Component:
    ./components/content/FaqPageContent.tsx
    ./app/faq/page.tsx @ http://127.0.0.1:3000/_next/static/chunks/node_modules_next_dist_f3530cac._.js:3127
[    3839ms] [ERROR] ./components/content/FaqPageContent.tsx:59:17
Parsing ecmascript source code failed
  57 |               }}
  58 |             />
> 59 |           </div>
     |                 ^
> 60 |         </section>
     | ^^^^^^^^^
  61 |       </div>
  62 |
  63 |       <RevealOnView>

Expected '</', got 'jsx text'

Import trace:
  Server Component:
    ./components/content/FaqPageContent.tsx
    ./app/faq/page.tsx @ http://127.0.0.1:3000/_next/static/chunks/node_modules_next_dist_f3530cac._.js:3127
[    3892ms] [ERROR] ./components/content/FaqPageContent.tsx:59:17
Parsing ecmascript source code failed
  57 |               }}
  58 |             />
> 59 |           </div>
     |                 ^
> 60 |         </section>
     | ^^^^^^^^^
  61 |       </div>
  62 |
  63 |       <RevealOnView>

Expected '</', got 'jsx text'

Import trace:
  Server Component:
    ./components/content/FaqPageContent.tsx
    ./app/faq/page.tsx @ http://127.0.0.1:3000/_next/static/chunks/node_modules_next_dist_f3530cac._.js:3127
[    3946ms] [ERROR] ./components/content/FaqPageContent.tsx:59:17
Parsing ecmascript source code failed
  57 |               }}
  58 |             />
> 59 |           </div>
     |                 ^
> 60 |         </section>
     | ^^^^^^^^^
  61 |       </div>
  62 |
  63 |       <RevealOnView>

Expected '</', got 'jsx text'

Import trace:
  Server Component:
    ./components/content/FaqPageContent.tsx
    ./app/faq/page.tsx @ http://127.0.0.1:3000/_next/static/chunks/node_modules_next_dist_f3530cac._.js:3127
[    3999ms] [ERROR] ./components/content/FaqPageContent.tsx:59:17
Parsing ecmascript source code failed
  57 |               }}
  58 |             />
> 59 |           </div>
     |                 ^
> 60 |         </section>
     | ^^^^^^^^^
  61 |       </div>
  62 |
  63 |       <RevealOnView>

Expected '</', got 'jsx text'

Import trace:
  Server Component:
    ./components/content/FaqPageContent.tsx
    ./app/faq/page.tsx @ http://127.0.0.1:3000/_next/static/chunks/node_modules_next_dist_f3530cac._.js:3127
[    4050ms] [ERROR] ./components/content/FaqPageContent.tsx:59:17
Parsing ecmascript source code failed
  57 |               }}
  58 |             />
> 59 |           </div>
     |                 ^
> 60 |         </section>
     | ^^^^^^^^^
  61 |       </div>
  62 |
  63 |       <RevealOnView>

Expected '</', got 'jsx text'

Import trace:
  Server Component:
    ./components/content/FaqPageContent.tsx
    ./app/faq/page.tsx @ http://127.0.0.1:3000/_next/static/chunks/node_modules_next_dist_f3530cac._.js:3127
[    4102ms] [ERROR] ./components/content/FaqPageContent.tsx:59:17
Parsing ecmascript source code failed
  57 |               }}
  58 |             />
> 59 |           </div>
     |                 ^
> 60 |         </section>
     | ^^^^^^^^^
  61 |       </div>
  62 |
  63 |       <RevealOnView>

Expected '</', got 'jsx text'

Import trace:
  Server Component:
    ./components/content/FaqPageContent.tsx
    ./app/faq/page.tsx @ http://127.0.0.1:3000/_next/static/chunks/node_modules_next_dist_f3530cac._.js:3127
[    4144ms] [ERROR] ./components/content/FaqPageContent.tsx:59:17
Parsing ecmascript source code failed
  57 |               }}
  58 |             />
> 59 |           </div>
     |                 ^
> 60 |         </section>
     | ^^^^^^^^^
  61 |       </div>
  62 |
  63 |       <RevealOnView>

Expected '</', got 'jsx text'

Import trace:
  Server Component:
    ./components/content/FaqPageContent.tsx
    ./app/faq/page.tsx @ http://127.0.0.1:3000/_next/static/chunks/node_modules_next_dist_f3530cac._.js:3127
[    4198ms] [ERROR] ./components/content/FaqPageContent.tsx:59:17
Parsing ecmascript source code failed
  57 |               }}
  58 |             />
> 59 |           </div>
     |                 ^
> 60 |         </section>
     | ^^^^^^^^^
  61 |       </div>
  62 |
  63 |       <RevealOnView>

Expected '</', got 'jsx text'

Import trace:
  Server Component:
    ./components/content/FaqPageContent.tsx
    ./app/faq/page.tsx @ http://127.0.0.1:3000/_next/static/chunks/node_modules_next_dist_f3530cac._.js:3127
[    4251ms] [ERROR] ./components/content/FaqPageContent.tsx:59:17
Parsing ecmascript source code failed
  57 |               }}
  58 |             />
> 59 |           </div>
     |                 ^
> 60 |         </section>
     | ^^^^^^^^^
  61 |       </div>
  62 |
  63 |       <RevealOnView>

Expected '</', got 'jsx text'

Import trace:
  Server Component:
    ./components/content/FaqPageContent.tsx
    ./app/faq/page.tsx @ http://127.0.0.1:3000/_next/static/chunks/node_modules_next_dist_f3530cac._.js:3127
[    4304ms] [ERROR] ./components/content/FaqPageContent.tsx:59:17
Parsing ecmascript source code failed
  57 |               }}
  58 |             />
> 59 |           </div>
     |                 ^
> 60 |         </section>
     | ^^^^^^^^^
  61 |       </div>
  62 |
  63 |       <RevealOnView>

Expected '</', got 'jsx text'

Import trace:
  Server Component:
    ./components/content/FaqPageContent.tsx
    ./app/faq/page.tsx @ http://127.0.0.1:3000/_next/static/chunks/node_modules_next_dist_f3530cac._.js:3127
[    4357ms] [ERROR] ./components/content/FaqPageContent.tsx:59:17
Parsing ecmascript source code failed
  57 |               }}
  58 |             />
> 59 |           </div>
     |                 ^
> 60 |         </section>
     | ^^^^^^^^^
  61 |       </div>
  62 |
  63 |       <RevealOnView>

Expected '</', got 'jsx text'

Import trace:
  Server Component:
    ./components/content/FaqPageContent.tsx
    ./app/faq/page.tsx @ http://127.0.0.1:3000/_next/static/chunks/node_modules_next_dist_f3530cac._.js:3127
[    4410ms] [ERROR] ./components/content/FaqPageContent.tsx:59:17
Parsing ecmascript source code failed
  57 |               }}
  58 |             />
> 59 |           </div>
     |                 ^
> 60 |         </section>
     | ^^^^^^^^^
  61 |       </div>
  62 |
  63 |       <RevealOnView>

Expected '</', got 'jsx text'

Import trace:
  Server Component:
    ./components/content/FaqPageContent.tsx
    ./app/faq/page.tsx @ http://127.0.0.1:3000/_next/static/chunks/node_modules_next_dist_f3530cac._.js:3127
[    4462ms] [ERROR] ./components/content/FaqPageContent.tsx:59:17
Parsing ecmascript source code failed
  57 |               }}
  58 |             />
> 59 |           </div>
     |                 ^
> 60 |         </section>
     | ^^^^^^^^^
  61 |       </div>
  62 |
  63 |       <RevealOnView>

Expected '</', got 'jsx text'

Import trace:
  Server Component:
    ./components/content/FaqPageContent.tsx
    ./app/faq/page.tsx @ http://127.0.0.1:3000/_next/static/chunks/node_modules_next_dist_f3530cac._.js:3127
[    4516ms] [ERROR] ./components/content/FaqPageContent.tsx:59:17
Parsing ecmascript source code failed
  57 |               }}
  58 |             />
> 59 |           </div>
     |                 ^
> 60 |         </section>
     | ^^^^^^^^^
  61 |       </div>
  62 |
  63 |       <RevealOnView>

Expected '</', got 'jsx text'

Import trace:
  Server Component:
    ./components/content/FaqPageContent.tsx
    ./app/faq/page.tsx @ http://127.0.0.1:3000/_next/static/chunks/node_modules_next_dist_f3530cac._.js:3127
[    4568ms] [ERROR] ./components/content/FaqPageContent.tsx:59:17
Parsing ecmascript source code failed
  57 |               }}
  58 |             />
> 59 |           </div>
     |                 ^
> 60 |         </section>
     | ^^^^^^^^^
  61 |       </div>
  62 |
  63 |       <RevealOnView>

Expected '</', got 'jsx text'

Import trace:
  Server Component:
    ./components/content/FaqPageContent.tsx
    ./app/faq/page.tsx @ http://127.0.0.1:3000/_next/static/chunks/node_modules_next_dist_f3530cac._.js:3127
[    4623ms] [ERROR] ./components/content/FaqPageContent.tsx:59:17
Parsing ecmascript source code failed
  57 |               }}
  58 |             />
> 59 |           </div>
     |                 ^
> 60 |         </section>
     | ^^^^^^^^^
  61 |       </div>
  62 |
  63 |       <RevealOnView>

Expected '</', got 'jsx text'

Import trace:
  Server Component:
    ./components/content/FaqPageContent.tsx
    ./app/faq/page.tsx @ http://127.0.0.1:3000/_next/static/chunks/node_modules_next_dist_f3530cac._.js:3127
[    4675ms] [ERROR] ./components/content/FaqPageContent.tsx:59:17
Parsing ecmascript source code failed
  57 |               }}
  58 |             />
> 59 |           </div>
     |                 ^
> 60 |         </section>
     | ^^^^^^^^^
  61 |       </div>
  62 |
  63 |       <RevealOnView>

Expected '</', got 'jsx text'

Import trace:
  Server Component:
    ./components/content/FaqPageContent.tsx
    ./app/faq/page.tsx @ http://127.0.0.1:3000/_next/static/chunks/node_modules_next_dist_f3530cac._.js:3127
[    4727ms] [ERROR] ./components/content/FaqPageContent.tsx:59:17
Parsing ecmascript source code failed
  57 |               }}
  58 |             />
> 59 |           </div>
     |                 ^
> 60 |         </section>
     | ^^^^^^^^^
  61 |       </div>
  62 |
  63 |       <RevealOnView>

Expected '</', got 'jsx text'

Import trace:
  Server Component:
    ./components/content/FaqPageContent.tsx
    ./app/faq/page.tsx @ http://127.0.0.1:3000/_next/static/chunks/node_modules_next_dist_f3530cac._.js:3127
[    4782ms] [ERROR] ./components/content/FaqPageContent.tsx:59:17
Parsing ecmascript source code failed
  57 |               }}
  58 |             />
> 59 |           </div>
     |                 ^
> 60 |         </section>
     | ^^^^^^^^^
  61 |       </div>
  62 |
  63 |       <RevealOnView>

Expected '</', got 'jsx text'

Import trace:
  Server Component:
    ./components/content/FaqPageContent.tsx
    ./app/faq/page.tsx @ http://127.0.0.1:3000/_next/static/chunks/node_modules_next_dist_f3530cac._.js:3127
[    4835ms] [ERROR] ./components/content/FaqPageContent.tsx:59:17
Parsing ecmascript source code failed
  57 |               }}
  58 |             />
> 59 |           </div>
     |                 ^
> 60 |         </section>
     | ^^^^^^^^^
  61 |       </div>
  62 |
  63 |       <RevealOnView>

Expected '</', got 'jsx text'

Import trace:
  Server Component:
    ./components/content/FaqPageContent.tsx
    ./app/faq/page.tsx @ http://127.0.0.1:3000/_next/static/chunks/node_modules_next_dist_f3530cac._.js:3127
[    4890ms] [ERROR] ./components/content/FaqPageContent.tsx:59:17
Parsing ecmascript source code failed
  57 |               }}
  58 |             />
> 59 |           </div>
     |                 ^
> 60 |         </section>
     | ^^^^^^^^^
  61 |       </div>
  62 |
  63 |       <RevealOnView>

Expected '</', got 'jsx text'

Import trace:
  Server Component:
    ./components/content/FaqPageContent.tsx
    ./app/faq/page.tsx @ http://127.0.0.1:3000/_next/static/chunks/node_modules_next_dist_f3530cac._.js:3127
[    4943ms] [ERROR] ./components/content/FaqPageContent.tsx:59:17
Parsing ecmascript source code failed
  57 |               }}
  58 |             />
> 59 |           </div>
     |                 ^
> 60 |         </section>
     | ^^^^^^^^^
  61 |       </div>
  62 |
  63 |       <RevealOnView>

Expected '</', got 'jsx text'

Import trace:
  Server Component:
    ./components/content/FaqPageContent.tsx
    ./app/faq/page.tsx @ http://127.0.0.1:3000/_next/static/chunks/node_modules_next_dist_f3530cac._.js:3127
[    4996ms] [ERROR] ./components/content/FaqPageContent.tsx:59:17
Parsing ecmascript source code failed
  57 |               }}
  58 |             />
> 59 |           </div>
     |                 ^
> 60 |         </section>
     | ^^^^^^^^^
  61 |       </div>
  62 |
  63 |       <RevealOnView>

Expected '</', got 'jsx text'

Import trace:
  Server Component:
    ./components/content/FaqPageContent.tsx
    ./app/faq/page.tsx @ http://127.0.0.1:3000/_next/static/chunks/node_modules_next_dist_f3530cac._.js:3127
[    5049ms] [ERROR] ./components/content/FaqPageContent.tsx:59:17
Parsing ecmascript source code failed
  57 |               }}
  58 |             />
> 59 |           </div>
     |                 ^
> 60 |         </section>
     | ^^^^^^^^^
  61 |       </div>
  62 |
  63 |       <RevealOnView>

Expected '</', got 'jsx text'

Import trace:
  Server Component:
    ./components/content/FaqPageContent.tsx
    ./app/faq/page.tsx @ http://127.0.0.1:3000/_next/static/chunks/node_modules_next_dist_f3530cac._.js:3127
[    5103ms] [ERROR] ./components/content/FaqPageContent.tsx:59:17
Parsing ecmascript source code failed
  57 |               }}
  58 |             />
> 59 |           </div>
     |                 ^
> 60 |         </section>
     | ^^^^^^^^^
  61 |       </div>
  62 |
  63 |       <RevealOnView>

Expected '</', got 'jsx text'

Import trace:
  Server Component:
    ./components/content/FaqPageContent.tsx
    ./app/faq/page.tsx @ http://127.0.0.1:3000/_next/static/chunks/node_modules_next_dist_f3530cac._.js:3127
[    5155ms] [ERROR] ./components/content/FaqPageContent.tsx:59:17
Parsing ecmascript source code failed
  57 |               }}
  58 |             />
> 59 |           </div>
     |                 ^
> 60 |         </section>
     | ^^^^^^^^^
  61 |       </div>
  62 |
  63 |       <RevealOnView>

Expected '</', got 'jsx text'

Import trace:
  Server Component:
    ./components/content/FaqPageContent.tsx
    ./app/faq/page.tsx @ http://127.0.0.1:3000/_next/static/chunks/node_modules_next_dist_f3530cac._.js:3127
[    5209ms] [ERROR] ./components/content/FaqPageContent.tsx:59:17
Parsing ecmascript source code failed
  57 |               }}
  58 |             />
> 59 |           </div>
     |                 ^
> 60 |         </section>
     | ^^^^^^^^^
  61 |       </div>
  62 |
  63 |       <RevealOnView>

Expected '</', got 'jsx text'

Import trace:
  Server Component:
    ./components/content/FaqPageContent.tsx
    ./app/faq/page.tsx @ http://127.0.0.1:3000/_next/static/chunks/node_modules_next_dist_f3530cac._.js:3127
[    5258ms] [ERROR] ./components/content/FaqPageContent.tsx:59:17
Parsing ecmascript source code failed
  57 |               }}
  58 |             />
> 59 |           </div>
     |                 ^
> 60 |         </section>
     | ^^^^^^^^^
  61 |       </div>
  62 |
  63 |       <RevealOnView>

Expected '</', got 'jsx text'

Import trace:
  Server Component:
    ./components/content/FaqPageContent.tsx
    ./app/faq/page.tsx @ http://127.0.0.1:3000/_next/static/chunks/node_modules_next_dist_f3530cac._.js:3127
[    5310ms] [ERROR] ./components/content/FaqPageContent.tsx:59:17
Parsing ecmascript source code failed
  57 |               }}
  58 |             />
> 59 |           </div>
     |                 ^
> 60 |         </section>
     | ^^^^^^^^^
  61 |       </div>
  62 |
  63 |       <RevealOnView>

Expected '</', got 'jsx text'

Import trace:
  Server Component:
    ./components/content/FaqPageContent.tsx
    ./app/faq/page.tsx @ http://127.0.0.1:3000/_next/static/chunks/node_modules_next_dist_f3530cac._.js:3127
[    5361ms] [ERROR] ./components/content/FaqPageContent.tsx:59:17
Parsing ecmascript source code failed
  57 |               }}
  58 |             />
> 59 |           </div>
     |                 ^
> 60 |         </section>
     | ^^^^^^^^^
  61 |       </div>
  62 |
  63 |       <RevealOnView>

Expected '</', got 'jsx text'

Import trace:
  Server Component:
    ./components/content/FaqPageContent.tsx
    ./app/faq/page.tsx @ http://127.0.0.1:3000/_next/static/chunks/node_modules_next_dist_f3530cac._.js:3127
[    5414ms] [ERROR] ./components/content/FaqPageContent.tsx:59:17
Parsing ecmascript source code failed
  57 |               }}
  58 |             />
> 59 |           </div>
     |                 ^
> 60 |         </section>
     | ^^^^^^^^^
  61 |       </div>
  62 |
  63 |       <RevealOnView>

Expected '</', got 'jsx text'

Import trace:
  Server Component:
    ./components/content/FaqPageContent.tsx
    ./app/faq/page.tsx @ http://127.0.0.1:3000/_next/static/chunks/node_modules_next_dist_f3530cac._.js:3127
[    5466ms] [ERROR] ./components/content/FaqPageContent.tsx:59:17
Parsing ecmascript source code failed
  57 |               }}
  58 |             />
> 59 |           </div>
     |                 ^
> 60 |         </section>
     | ^^^^^^^^^
  61 |       </div>
  62 |
  63 |       <RevealOnView>

Expected '</', got 'jsx text'

Import trace:
  Server Component:
    ./components/content/FaqPageContent.tsx
    ./app/faq/page.tsx @ http://127.0.0.1:3000/_next/static/chunks/node_modules_next_dist_f3530cac._.js:3127
[    5518ms] [ERROR] ./components/content/FaqPageContent.tsx:59:17
Parsing ecmascript source code failed
  57 |               }}
  58 |             />
> 59 |           </div>
     |                 ^
> 60 |         </section>
     | ^^^^^^^^^
  61 |       </div>
  62 |
  63 |       <RevealOnView>

Expected '</', got 'jsx text'

Import trace:
  Server Component:
    ./components/content/FaqPageContent.tsx
    ./app/faq/page.tsx @ http://127.0.0.1:3000/_next/static/chunks/node_modules_next_dist_f3530cac._.js:3127
[    5562ms] [ERROR] ./components/content/FaqPageContent.tsx:59:17
Parsing ecmascript source code failed
  57 |               }}
  58 |             />
> 59 |           </div>
     |                 ^
> 60 |         </section>
     | ^^^^^^^^^
  61 |       </div>
  62 |
  63 |       <RevealOnView>

Expected '</', got 'jsx text'

Import trace:
  Server Component:
    ./components/content/FaqPageContent.tsx
    ./app/faq/page.tsx @ http://127.0.0.1:3000/_next/static/chunks/node_modules_next_dist_f3530cac._.js:3127
[    5614ms] [ERROR] ./components/content/FaqPageContent.tsx:59:17
Parsing ecmascript source code failed
  57 |               }}
  58 |             />
> 59 |           </div>
     |                 ^
> 60 |         </section>
     | ^^^^^^^^^
  61 |       </div>
  62 |
  63 |       <RevealOnView>

Expected '</', got 'jsx text'

Import trace:
  Server Component:
    ./components/content/FaqPageContent.tsx
    ./app/faq/page.tsx @ http://127.0.0.1:3000/_next/static/chunks/node_modules_next_dist_f3530cac._.js:3127
[    5668ms] [ERROR] ./components/content/FaqPageContent.tsx:59:17
Parsing ecmascript source code failed
  57 |               }}
  58 |             />
> 59 |           </div>
     |                 ^
> 60 |         </section>
     | ^^^^^^^^^
  61 |       </div>
  62 |
  63 |       <RevealOnView>

Expected '</', got 'jsx text'

Import trace:
  Server Component:
    ./components/content/FaqPageContent.tsx
    ./app/faq/page.tsx @ http://127.0.0.1:3000/_next/static/chunks/node_modules_next_dist_f3530cac._.js:3127
[    5720ms] [ERROR] ./components/content/FaqPageContent.tsx:59:17
Parsing ecmascript source code failed
  57 |               }}
  58 |             />
> 59 |           </div>
     |                 ^
> 60 |         </section>
     | ^^^^^^^^^
  61 |       </div>
  62 |
  63 |       <RevealOnView>

Expected '</', got 'jsx text'

Import trace:
  Server Component:
    ./components/content/FaqPageContent.tsx
    ./app/faq/page.tsx @ http://127.0.0.1:3000/_next/static/chunks/node_modules_next_dist_f3530cac._.js:3127
[    5770ms] [ERROR] ./components/content/FaqPageContent.tsx:59:17
Parsing ecmascript source code failed
  57 |               }}
  58 |             />
> 59 |           </div>
     |                 ^
> 60 |         </section>
     | ^^^^^^^^^
  61 |       </div>
  62 |
  63 |       <RevealOnView>

Expected '</', got 'jsx text'

Import trace:
  Server Component:
    ./components/content/FaqPageContent.tsx
    ./app/faq/page.tsx @ http://127.0.0.1:3000/_next/static/chunks/node_modules_next_dist_f3530cac._.js:3127
[    5822ms] [ERROR] ./components/content/FaqPageContent.tsx:59:17
Parsing ecmascript source code failed
  57 |               }}
  58 |             />
> 59 |           </div>
     |                 ^
> 60 |         </section>
     | ^^^^^^^^^
  61 |       </div>
  62 |
  63 |       <RevealOnView>

Expected '</', got 'jsx text'

Import trace:
  Server Component:
    ./components/content/FaqPageContent.tsx
    ./app/faq/page.tsx @ http://127.0.0.1:3000/_next/static/chunks/node_modules_next_dist_f3530cac._.js:3127
[    5875ms] [ERROR] ./components/content/FaqPageContent.tsx:59:17
Parsing ecmascript source code failed
  57 |               }}
  58 |             />
> 59 |           </div>
     |                 ^
> 60 |         </section>
     | ^^^^^^^^^
  61 |       </div>
  62 |
  63 |       <RevealOnView>

Expected '</', got 'jsx text'

Import trace:
  Server Component:
    ./components/content/FaqPageContent.tsx
    ./app/faq/page.tsx @ http://127.0.0.1:3000/_next/static/chunks/node_modules_next_dist_f3530cac._.js:3127
[    5927ms] [ERROR] ./components/content/FaqPageContent.tsx:59:17
Parsing ecmascript source code failed
  57 |               }}
  58 |             />
> 59 |           </div>
     |                 ^
> 60 |         </section>
     | ^^^^^^^^^
  61 |       </div>
  62 |
  63 |       <RevealOnView>

Expected '</', got 'jsx text'

Import trace:
  Server Component:
    ./components/content/FaqPageContent.tsx
    ./app/faq/page.tsx @ http://127.0.0.1:3000/_next/static/chunks/node_modules_next_dist_f3530cac._.js:3127
[    5982ms] [ERROR] ./components/content/FaqPageContent.tsx:59:17
Parsing ecmascript source code failed
  57 |               }}
  58 |             />
> 59 |           </div>
     |                 ^
> 60 |         </section>
     | ^^^^^^^^^
  61 |       </div>
  62 |
  63 |       <RevealOnView>

Expected '</', got 'jsx text'

Import trace:
  Server Component:
    ./components/content/FaqPageContent.tsx
    ./app/faq/page.tsx @ http://127.0.0.1:3000/_next/static/chunks/node_modules_next_dist_f3530cac._.js:3127
[    6034ms] [ERROR] ./components/content/FaqPageContent.tsx:59:17
Parsing ecmascript source code failed
  57 |               }}
  58 |             />
> 59 |           </div>
     |                 ^
> 60 |         </section>
     | ^^^^^^^^^
  61 |       </div>
  62 |
  63 |       <RevealOnView>

Expected '</', got 'jsx text'

Import trace:
  Server Component:
    ./components/content/FaqPageContent.tsx
    ./app/faq/page.tsx @ http://127.0.0.1:3000/_next/static/chunks/node_modules_next_dist_f3530cac._.js:3127
[    6084ms] [ERROR] ./components/content/FaqPageContent.tsx:59:17
Parsing ecmascript source code failed
  57 |               }}
  58 |             />
> 59 |           </div>
     |                 ^
> 60 |         </section>
     | ^^^^^^^^^
  61 |       </div>
  62 |
  63 |       <RevealOnView>

Expected '</', got 'jsx text'

Import trace:
  Server Component:
    ./components/content/FaqPageContent.tsx
    ./app/faq/page.tsx @ http://127.0.0.1:3000/_next/static/chunks/node_modules_next_dist_f3530cac._.js:3127
[    6137ms] [ERROR] ./components/content/FaqPageContent.tsx:59:17
Parsing ecmascript source code failed
  57 |               }}
  58 |             />
> 59 |           </div>
     |                 ^
> 60 |         </section>
     | ^^^^^^^^^
  61 |       </div>
  62 |
  63 |       <RevealOnView>

Expected '</', got 'jsx text'

Import trace:
  Server Component:
    ./components/content/FaqPageContent.tsx
    ./app/faq/page.tsx @ http://127.0.0.1:3000/_next/static/chunks/node_modules_next_dist_f3530cac._.js:3127
[    6191ms] [ERROR] ./components/content/FaqPageContent.tsx:59:17
Parsing ecmascript source code failed
  57 |               }}
  58 |             />
> 59 |           </div>
     |                 ^
> 60 |         </section>
     | ^^^^^^^^^
  61 |       </div>
  62 |
  63 |       <RevealOnView>

Expected '</', got 'jsx text'

Import trace:
  Server Component:
    ./components/content/FaqPageContent.tsx
    ./app/faq/page.tsx @ http://127.0.0.1:3000/_next/static/chunks/node_modules_next_dist_f3530cac._.js:3127
[    6242ms] [ERROR] ./components/content/FaqPageContent.tsx:59:17
Parsing ecmascript source code failed
  57 |               }}
  58 |             />
> 59 |           </div>
     |                 ^
> 60 |         </section>
     | ^^^^^^^^^
  61 |       </div>
  62 |
  63 |       <RevealOnView>

Expected '</', got 'jsx text'

Import trace:
  Server Component:
    ./components/content/FaqPageContent.tsx
    ./app/faq/page.tsx @ http://127.0.0.1:3000/_next/static/chunks/node_modules_next_dist_f3530cac._.js:3127
[    6294ms] [ERROR] ./components/content/FaqPageContent.tsx:59:17
Parsing ecmascript source code failed
  57 |               }}
  58 |             />
> 59 |           </div>
     |                 ^
> 60 |         </section>
     | ^^^^^^^^^
  61 |       </div>
  62 |
  63 |       <RevealOnView>

Expected '</', got 'jsx text'

Import trace:
  Server Component:
    ./components/content/FaqPageContent.tsx
    ./app/faq/page.tsx @ http://127.0.0.1:3000/_next/static/chunks/node_modules_next_dist_f3530cac._.js:3127
[    6348ms] [ERROR] ./components/content/FaqPageContent.tsx:59:17
Parsing ecmascript source code failed
  57 |               }}
  58 |             />
> 59 |           </div>
     |                 ^
> 60 |         </section>
     | ^^^^^^^^^
  61 |       </div>
  62 |
  63 |       <RevealOnView>

Expected '</', got 'jsx text'

Import trace:
  Server Component:
    ./components/content/FaqPageContent.tsx
    ./app/faq/page.tsx @ http://127.0.0.1:3000/_next/static/chunks/node_modules_next_dist_f3530cac._.js:3127
[    6400ms] [ERROR] ./components/content/FaqPageContent.tsx:59:17
Parsing ecmascript source code failed
  57 |               }}
  58 |             />
> 59 |           </div>
     |                 ^
> 60 |         </section>
     | ^^^^^^^^^
  61 |       </div>
  62 |
  63 |       <RevealOnView>

Expected '</', got 'jsx text'

Import trace:
  Server Component:
    ./components/content/FaqPageContent.tsx
    ./app/faq/page.tsx @ http://127.0.0.1:3000/_next/static/chunks/node_modules_next_dist_f3530cac._.js:3127
[    6452ms] [ERROR] ./components/content/FaqPageContent.tsx:59:17
Parsing ecmascript source code failed
  57 |               }}
  58 |             />
> 59 |           </div>
     |                 ^
> 60 |         </section>
     | ^^^^^^^^^
  61 |       </div>
  62 |
  63 |       <RevealOnView>

Expected '</', got 'jsx text'

Import trace:
  Server Component:
    ./components/content/FaqPageContent.tsx
    ./app/faq/page.tsx @ http://127.0.0.1:3000/_next/static/chunks/node_modules_next_dist_f3530cac._.js:3127
[    6505ms] [ERROR] ./components/content/FaqPageContent.tsx:59:17
Parsing ecmascript source code failed
  57 |               }}
  58 |             />
> 59 |           </div>
     |                 ^
> 60 |         </section>
     | ^^^^^^^^^
  61 |       </div>
  62 |
  63 |       <RevealOnView>

Expected '</', got 'jsx text'

Import trace:
  Server Component:
    ./components/content/FaqPageContent.tsx
    ./app/faq/page.tsx @ http://127.0.0.1:3000/_next/static/chunks/node_modules_next_dist_f3530cac._.js:3127
[    6557ms] [ERROR] ./components/content/FaqPageContent.tsx:59:17
Parsing ecmascript source code failed
  57 |               }}
  58 |             />
> 59 |           </div>
     |                 ^
> 60 |         </section>
     | ^^^^^^^^^
  61 |       </div>
  62 |
  63 |       <RevealOnView>

Expected '</', got 'jsx text'

Import trace:
  Server Component:
    ./components/content/FaqPageContent.tsx
    ./app/faq/page.tsx @ http://127.0.0.1:3000/_next/static/chunks/node_modules_next_dist_f3530cac._.js:3127
[    6609ms] [ERROR] ./components/content/FaqPageContent.tsx:59:17
Parsing ecmascript source code failed
  57 |               }}
  58 |             />
> 59 |           </div>
     |                 ^
> 60 |         </section>
     | ^^^^^^^^^
  61 |       </div>
  62 |
  63 |       <RevealOnView>

Expected '</', got 'jsx text'

Import trace:
  Server Component:
    ./components/content/FaqPageContent.tsx
    ./app/faq/page.tsx @ http://127.0.0.1:3000/_next/static/chunks/node_modules_next_dist_f3530cac._.js:3127
[    6656ms] [ERROR] ./components/content/FaqPageContent.tsx:59:17
Parsing ecmascript source code failed
  57 |               }}
  58 |             />
> 59 |           </div>
     |                 ^
> 60 |         </section>
     | ^^^^^^^^^
  61 |       </div>
  62 |
  63 |       <RevealOnView>

Expected '</', got 'jsx text'

Import trace:
  Server Component:
    ./components/content/FaqPageContent.tsx
    ./app/faq/page.tsx @ http://127.0.0.1:3000/_next/static/chunks/node_modules_next_dist_f3530cac._.js:3127
[    6708ms] [ERROR] ./components/content/FaqPageContent.tsx:59:17
Parsing ecmascript source code failed
  57 |               }}
  58 |             />
> 59 |           </div>
     |                 ^
> 60 |         </section>
     | ^^^^^^^^^
  61 |       </div>
  62 |
  63 |       <RevealOnView>

Expected '</', got 'jsx text'

Import trace:
  Server Component:
    ./components/content/FaqPageContent.tsx
    ./app/faq/page.tsx @ http://127.0.0.1:3000/_next/static/chunks/node_modules_next_dist_f3530cac._.js:3127
[    6758ms] [ERROR] ./components/content/FaqPageContent.tsx:59:17
Parsing ecmascript source code failed
  57 |               }}
  58 |             />
> 59 |           </div>
     |                 ^
> 60 |         </section>
     | ^^^^^^^^^
  61 |       </div>
  62 |
  63 |       <RevealOnView>

Expected '</', got 'jsx text'

Import trace:
  Server Component:
    ./components/content/FaqPageContent.tsx
    ./app/faq/page.tsx @ http://127.0.0.1:3000/_next/static/chunks/node_modules_next_dist_f3530cac._.js:3127
[    6810ms] [ERROR] ./components/content/FaqPageContent.tsx:59:17
Parsing ecmascript source code failed
  57 |               }}
  58 |             />
> 59 |           </div>
     |                 ^
> 60 |         </section>
     | ^^^^^^^^^
  61 |       </div>
  62 |
  63 |       <RevealOnView>

Expected '</', got 'jsx text'

Import trace:
  Server Component:
    ./components/content/FaqPageContent.tsx
    ./app/faq/page.tsx @ http://127.0.0.1:3000/_next/static/chunks/node_modules_next_dist_f3530cac._.js:3127
[    6862ms] [ERROR] ./components/content/FaqPageContent.tsx:59:17
Parsing ecmascript source code failed
  57 |               }}
  58 |             />
> 59 |           </div>
     |                 ^
> 60 |         </section>
     | ^^^^^^^^^
  61 |       </div>
  62 |
  63 |       <RevealOnView>

Expected '</', got 'jsx text'

Import trace:
  Server Component:
    ./components/content/FaqPageContent.tsx
    ./app/faq/page.tsx @ http://127.0.0.1:3000/_next/static/chunks/node_modules_next_dist_f3530cac._.js:3127
[    6917ms] [ERROR] ./components/content/FaqPageContent.tsx:59:17
Parsing ecmascript source code failed
  57 |               }}
  58 |             />
> 59 |           </div>
     |                 ^
> 60 |         </section>
     | ^^^^^^^^^
  61 |       </div>
  62 |
  63 |       <RevealOnView>

Expected '</', got 'jsx text'

Import trace:
  Server Component:
    ./components/content/FaqPageContent.tsx
    ./app/faq/page.tsx @ http://127.0.0.1:3000/_next/static/chunks/node_modules_next_dist_f3530cac._.js:3127
[    6967ms] [ERROR] ./components/content/FaqPageContent.tsx:59:17
Parsing ecmascript source code failed
  57 |               }}
  58 |             />
> 59 |           </div>
     |                 ^
> 60 |         </section>
     | ^^^^^^^^^
  61 |       </div>
  62 |
  63 |       <RevealOnView>

Expected '</', got 'jsx text'

Import trace:
  Server Component:
    ./components/content/FaqPageContent.tsx
    ./app/faq/page.tsx @ http://127.0.0.1:3000/_next/static/chunks/node_modules_next_dist_f3530cac._.js:3127
[    7017ms] [ERROR] ./components/content/FaqPageContent.tsx:59:17
Parsing ecmascript source code failed
  57 |               }}
  58 |             />
> 59 |           </div>
     |                 ^
> 60 |         </section>
     | ^^^^^^^^^
  61 |       </div>
  62 |
  63 |       <RevealOnView>

Expected '</', got 'jsx text'

Import trace:
  Server Component:
    ./components/content/FaqPageContent.tsx
    ./app/faq/page.tsx @ http://127.0.0.1:3000/_next/static/chunks/node_modules_next_dist_f3530cac._.js:3127
[    7069ms] [ERROR] ./components/content/FaqPageContent.tsx:59:17
Parsing ecmascript source code failed
  57 |               }}
  58 |             />
> 59 |           </div>
     |                 ^
> 60 |         </section>
     | ^^^^^^^^^
  61 |       </div>
  62 |
  63 |       <RevealOnView>

Expected '</', got 'jsx text'

Import trace:
  Server Component:
    ./components/content/FaqPageContent.tsx
    ./app/faq/page.tsx @ http://127.0.0.1:3000/_next/static/chunks/node_modules_next_dist_f3530cac._.js:3127
[    7120ms] [ERROR] ./components/content/FaqPageContent.tsx:59:17
Parsing ecmascript source code failed
  57 |               }}
  58 |             />
> 59 |           </div>
     |                 ^
> 60 |         </section>
     | ^^^^^^^^^
  61 |       </div>
  62 |
  63 |       <RevealOnView>

Expected '</', got 'jsx text'

Import trace:
  Server Component:
    ./components/content/FaqPageContent.tsx
    ./app/faq/page.tsx @ http://127.0.0.1:3000/_next/static/chunks/node_modules_next_dist_f3530cac._.js:3127
[    7170ms] [ERROR] ./components/content/FaqPageContent.tsx:59:17
Parsing ecmascript source code failed
  57 |               }}
  58 |             />
> 59 |           </div>
     |                 ^
> 60 |         </section>
     | ^^^^^^^^^
  61 |       </div>
  62 |
  63 |       <RevealOnView>

Expected '</', got 'jsx text'

Import trace:
  Server Component:
    ./components/content/FaqPageContent.tsx
    ./app/faq/page.tsx @ http://127.0.0.1:3000/_next/static/chunks/node_modules_next_dist_f3530cac._.js:3127
[    7221ms] [ERROR] ./components/content/FaqPageContent.tsx:59:17
Parsing ecmascript source code failed
  57 |               }}
  58 |             />
> 59 |           </div>
     |                 ^
> 60 |         </section>
     | ^^^^^^^^^
  61 |       </div>
  62 |
  63 |       <RevealOnView>

Expected '</', got 'jsx text'

Import trace:
  Server Component:
    ./components/content/FaqPageContent.tsx
    ./app/faq/page.tsx @ http://127.0.0.1:3000/_next/static/chunks/node_modules_next_dist_f3530cac._.js:3127
[    7273ms] [ERROR] ./components/content/FaqPageContent.tsx:59:17
Parsing ecmascript source code failed
  57 |               }}
  58 |             />
> 59 |           </div>
     |                 ^
> 60 |         </section>
     | ^^^^^^^^^
  61 |       </div>
  62 |
  63 |       <RevealOnView>

Expected '</', got 'jsx text'

Import trace:
  Server Component:
    ./components/content/FaqPageContent.tsx
    ./app/faq/page.tsx @ http://127.0.0.1:3000/_next/static/chunks/node_modules_next_dist_f3530cac._.js:3127
[    7326ms] [ERROR] ./components/content/FaqPageContent.tsx:59:17
Parsing ecmascript source code failed
  57 |               }}
  58 |             />
> 59 |           </div>
     |                 ^
> 60 |         </section>
     | ^^^^^^^^^
  61 |       </div>
  62 |
  63 |       <RevealOnView>

Expected '</', got 'jsx text'

Import trace:
  Server Component:
    ./components/content/FaqPageContent.tsx
    ./app/faq/page.tsx @ http://127.0.0.1:3000/_next/static/chunks/node_modules_next_dist_f3530cac._.js:3127
[    7378ms] [ERROR] ./components/content/FaqPageContent.tsx:59:17
Parsing ecmascript source code failed
  57 |               }}
  58 |             />
> 59 |           </div>
     |                 ^
> 60 |         </section>
     | ^^^^^^^^^
  61 |       </div>
  62 |
  63 |       <RevealOnView>

Expected '</', got 'jsx text'

Import trace:
  Server Component:
    ./components/content/FaqPageContent.tsx
    ./app/faq/page.tsx @ http://127.0.0.1:3000/_next/static/chunks/node_modules_next_dist_f3530cac._.js:3127
[    7429ms] [ERROR] ./components/content/FaqPageContent.tsx:59:17
Parsing ecmascript source code failed
  57 |               }}
  58 |             />
> 59 |           </div>
     |                 ^
> 60 |         </section>
     | ^^^^^^^^^
  61 |       </div>
  62 |
  63 |       <RevealOnView>

Expected '</', got 'jsx text'

Import trace:
  Server Component:
    ./components/content/FaqPageContent.tsx
    ./app/faq/page.tsx @ http://127.0.0.1:3000/_next/static/chunks/node_modules_next_dist_f3530cac._.js:3127
[    7478ms] [ERROR] ./components/content/FaqPageContent.tsx:59:17
Parsing ecmascript source code failed
  57 |               }}
  58 |             />
> 59 |           </div>
     |                 ^
> 60 |         </section>
     | ^^^^^^^^^
  61 |       </div>
  62 |
  63 |       <RevealOnView>

Expected '</', got 'jsx text'

Import trace:
  Server Component:
    ./components/content/FaqPageContent.tsx
    ./app/faq/page.tsx @ http://127.0.0.1:3000/_next/static/chunks/node_modules_next_dist_f3530cac._.js:3127
[    7530ms] [ERROR] ./components/content/FaqPageContent.tsx:59:17
Parsing ecmascript source code failed
  57 |               }}
  58 |             />
> 59 |           </div>
     |                 ^
> 60 |         </section>
     | ^^^^^^^^^
  61 |       </div>
  62 |
  63 |       <RevealOnView>

Expected '</', got 'jsx text'

Import trace:
  Server Component:
    ./components/content/FaqPageContent.tsx
    ./app/faq/page.tsx @ http://127.0.0.1:3000/_next/static/chunks/node_modules_next_dist_f3530cac._.js:3127
[    7581ms] [ERROR] ./components/content/FaqPageContent.tsx:59:17
Parsing ecmascript source code failed
  57 |               }}
  58 |             />
> 59 |           </div>
     |                 ^
> 60 |         </section>
     | ^^^^^^^^^
  61 |       </div>
  62 |
  63 |       <RevealOnView>

Expected '</', got 'jsx text'

Import trace:
  Server Component:
    ./components/content/FaqPageContent.tsx
    ./app/faq/page.tsx @ http://127.0.0.1:3000/_next/static/chunks/node_modules_next_dist_f3530cac._.js:3127
[    7634ms] [ERROR] ./components/content/FaqPageContent.tsx:59:17
Parsing ecmascript source code failed
  57 |               }}
  58 |             />
> 59 |           </div>
     |                 ^
> 60 |         </section>
     | ^^^^^^^^^
  61 |       </div>
  62 |
  63 |       <RevealOnView>

Expected '</', got 'jsx text'

Import trace:
  Server Component:
    ./components/content/FaqPageContent.tsx
    ./app/faq/page.tsx @ http://127.0.0.1:3000/_next/static/chunks/node_modules_next_dist_f3530cac._.js:3127
[    7685ms] [ERROR] ./components/content/FaqPageContent.tsx:59:17
Parsing ecmascript source code failed
  57 |               }}
  58 |             />
> 59 |           </div>
     |                 ^
> 60 |         </section>
     | ^^^^^^^^^
  61 |       </div>
  62 |
  63 |       <RevealOnView>

Expected '</', got 'jsx text'

Import trace:
  Server Component:
    ./components/content/FaqPageContent.tsx
    ./app/faq/page.tsx @ http://127.0.0.1:3000/_next/static/chunks/node_modules_next_dist_f3530cac._.js:3127
[    7738ms] [ERROR] ./components/content/FaqPageContent.tsx:59:17
Parsing ecmascript source code failed
  57 |               }}
  58 |             />
> 59 |           </div>
     |                 ^
> 60 |         </section>
     | ^^^^^^^^^
  61 |       </div>
  62 |
  63 |       <RevealOnView>

Expected '</', got 'jsx text'

Import trace:
  Server Component:
    ./components/content/FaqPageContent.tsx
    ./app/faq/page.tsx @ http://127.0.0.1:3000/_next/static/chunks/node_modules_next_dist_f3530cac._.js:3127
[    7792ms] [ERROR] ./components/content/FaqPageContent.tsx:59:17
Parsing ecmascript source code failed
  57 |               }}
  58 |             />
> 59 |           </div>
     |                 ^
> 60 |         </section>
     | ^^^^^^^^^
  61 |       </div>
  62 |
  63 |       <RevealOnView>

Expected '</', got 'jsx text'

Import trace:
  Server Component:
    ./components/content/FaqPageContent.tsx
    ./app/faq/page.tsx @ http://127.0.0.1:3000/_next/static/chunks/node_modules_next_dist_f3530cac._.js:3127
[    7844ms] [ERROR] ./components/content/FaqPageContent.tsx:59:17
Parsing ecmascript source code failed
  57 |               }}
  58 |             />
> 59 |           </div>
     |                 ^
> 60 |         </section>
     | ^^^^^^^^^
  61 |       </div>
  62 |
  63 |       <RevealOnView>

Expected '</', got 'jsx text'

Import trace:
  Server Component:
    ./components/content/FaqPageContent.tsx
    ./app/faq/page.tsx @ http://127.0.0.1:3000/_next/static/chunks/node_modules_next_dist_f3530cac._.js:3127
[    7897ms] [ERROR] ./components/content/FaqPageContent.tsx:59:17
Parsing ecmascript source code failed
  57 |               }}
  58 |             />
> 59 |           </div>
     |                 ^
> 60 |         </section>
     | ^^^^^^^^^
  61 |       </div>
  62 |
  63 |       <RevealOnView>

Expected '</', got 'jsx text'

Import trace:
  Server Component:
    ./components/content/FaqPageContent.tsx
    ./app/faq/page.tsx @ http://127.0.0.1:3000/_next/static/chunks/node_modules_next_dist_f3530cac._.js:3127
[    7950ms] [ERROR] ./components/content/FaqPageContent.tsx:59:17
Parsing ecmascript source code failed
  57 |               }}
  58 |             />
> 59 |           </div>
     |                 ^
> 60 |         </section>
     | ^^^^^^^^^
  61 |       </div>
  62 |
  63 |       <RevealOnView>

Expected '</', got 'jsx text'

Import trace:
  Server Component:
    ./components/content/FaqPageContent.tsx
    ./app/faq/page.tsx @ http://127.0.0.1:3000/_next/static/chunks/node_modules_next_dist_f3530cac._.js:3127
[    7994ms] [ERROR] ./components/content/FaqPageContent.tsx:59:17
Parsing ecmascript source code failed
  57 |               }}
  58 |             />
> 59 |           </div>
     |                 ^
> 60 |         </section>
     | ^^^^^^^^^
  61 |       </div>
  62 |
  63 |       <RevealOnView>

Expected '</', got 'jsx text'

Import trace:
  Server Component:
    ./components/content/FaqPageContent.tsx
    ./app/faq/page.tsx @ http://127.0.0.1:3000/_next/static/chunks/node_modules_next_dist_f3530cac._.js:3127
[    8044ms] [ERROR] ./components/content/FaqPageContent.tsx:59:17
Parsing ecmascript source code failed
  57 |               }}
  58 |             />
> 59 |           </div>
     |                 ^
> 60 |         </section>
     | ^^^^^^^^^
  61 |       </div>
  62 |
  63 |       <RevealOnView>

Expected '</', got 'jsx text'

Import trace:
  Server Component:
    ./components/content/FaqPageContent.tsx
    ./app/faq/page.tsx @ http://127.0.0.1:3000/_next/static/chunks/node_modules_next_dist_f3530cac._.js:3127
[    8095ms] [ERROR] ./components/content/FaqPageContent.tsx:59:17
Parsing ecmascript source code failed
  57 |               }}
  58 |             />
> 59 |           </div>
     |                 ^
> 60 |         </section>
     | ^^^^^^^^^
  61 |       </div>
  62 |
  63 |       <RevealOnView>

Expected '</', got 'jsx text'

Import trace:
  Server Component:
    ./components/content/FaqPageContent.tsx
    ./app/faq/page.tsx @ http://127.0.0.1:3000/_next/static/chunks/node_modules_next_dist_f3530cac._.js:3127
[    8147ms] [ERROR] ./components/content/FaqPageContent.tsx:59:17
Parsing ecmascript source code failed
  57 |               }}
  58 |             />
> 59 |           </div>
     |                 ^
> 60 |         </section>
     | ^^^^^^^^^
  61 |       </div>
  62 |
  63 |       <RevealOnView>

Expected '</', got 'jsx text'

Import trace:
  Server Component:
    ./components/content/FaqPageContent.tsx
    ./app/faq/page.tsx @ http://127.0.0.1:3000/_next/static/chunks/node_modules_next_dist_f3530cac._.js:3127
[    8198ms] [ERROR] ./components/content/FaqPageContent.tsx:59:17
Parsing ecmascript source code failed
  57 |               }}
  58 |             />
> 59 |           </div>
     |                 ^
> 60 |         </section>
     | ^^^^^^^^^
  61 |       </div>
  62 |
  63 |       <RevealOnView>

Expected '</', got 'jsx text'

Import trace:
  Server Component:
    ./components/content/FaqPageContent.tsx
    ./app/faq/page.tsx @ http://127.0.0.1:3000/_next/static/chunks/node_modules_next_dist_f3530cac._.js:3127
[    8249ms] [ERROR] ./components/content/FaqPageContent.tsx:59:17
Parsing ecmascript source code failed
  57 |               }}
  58 |             />
> 59 |           </div>
     |                 ^
> 60 |         </section>
     | ^^^^^^^^^
  61 |       </div>
  62 |
  63 |       <RevealOnView>

Expected '</', got 'jsx text'

Import trace:
  Server Component:
    ./components/content/FaqPageContent.tsx
    ./app/faq/page.tsx @ http://127.0.0.1:3000/_next/static/chunks/node_modules_next_dist_f3530cac._.js:3127
[    8304ms] [ERROR] ./components/content/FaqPageContent.tsx:59:17
Parsing ecmascript source code failed
  57 |               }}
  58 |             />
> 59 |           </div>
     |                 ^
> 60 |         </section>
     | ^^^^^^^^^
  61 |       </div>
  62 |
  63 |       <RevealOnView>

Expected '</', got 'jsx text'

Import trace:
  Server Component:
    ./components/content/FaqPageContent.tsx
    ./app/faq/page.tsx @ http://127.0.0.1:3000/_next/static/chunks/node_modules_next_dist_f3530cac._.js:3127
[    8356ms] [ERROR] ./components/content/FaqPageContent.tsx:59:17
Parsing ecmascript source code failed
  57 |               }}
  58 |             />
> 59 |           </div>
     |                 ^
> 60 |         </section>
     | ^^^^^^^^^
  61 |       </div>
  62 |
  63 |       <RevealOnView>

Expected '</', got 'jsx text'

Import trace:
  Server Component:
    ./components/content/FaqPageContent.tsx
    ./app/faq/page.tsx @ http://127.0.0.1:3000/_next/static/chunks/node_modules_next_dist_f3530cac._.js:3127
[    8406ms] [ERROR] ./components/content/FaqPageContent.tsx:59:17
Parsing ecmascript source code failed
  57 |               }}
  58 |             />
> 59 |           </div>
     |                 ^
> 60 |         </section>
     | ^^^^^^^^^
  61 |       </div>
  62 |
  63 |       <RevealOnView>

Expected '</', got 'jsx text'

Import trace:
  Server Component:
    ./components/content/FaqPageContent.tsx
    ./app/faq/page.tsx @ http://127.0.0.1:3000/_next/static/chunks/node_modules_next_dist_f3530cac._.js:3127
[    8457ms] [ERROR] ./components/content/FaqPageContent.tsx:59:17
Parsing ecmascript source code failed
  57 |               }}
  58 |             />
> 59 |           </div>
     |                 ^
> 60 |         </section>
     | ^^^^^^^^^
  61 |       </div>
  62 |
  63 |       <RevealOnView>

Expected '</', got 'jsx text'

Import trace:
  Server Component:
    ./components/content/FaqPageContent.tsx
    ./app/faq/page.tsx @ http://127.0.0.1:3000/_next/static/chunks/node_modules_next_dist_f3530cac._.js:3127
[    8507ms] [ERROR] ./components/content/FaqPageContent.tsx:59:17
Parsing ecmascript source code failed
  57 |               }}
  58 |             />
> 59 |           </div>
     |                 ^
> 60 |         </section>
     | ^^^^^^^^^
  61 |       </div>
  62 |
  63 |       <RevealOnView>

Expected '</', got 'jsx text'

Import trace:
  Server Component:
    ./components/content/FaqPageContent.tsx
    ./app/faq/page.tsx @ http://127.0.0.1:3000/_next/static/chunks/node_modules_next_dist_f3530cac._.js:3127
[    8558ms] [ERROR] ./components/content/FaqPageContent.tsx:59:17
Parsing ecmascript source code failed
  57 |               }}
  58 |             />
> 59 |           </div>
     |                 ^
> 60 |         </section>
     | ^^^^^^^^^
  61 |       </div>
  62 |
  63 |       <RevealOnView>

Expected '</', got 'jsx text'

Import trace:
  Server Component:
    ./components/content/FaqPageContent.tsx
    ./app/faq/page.tsx @ http://127.0.0.1:3000/_next/static/chunks/node_modules_next_dist_f3530cac._.js:3127
[    8609ms] [ERROR] ./components/content/FaqPageContent.tsx:59:17
Parsing ecmascript source code failed
  57 |               }}
  58 |             />
> 59 |           </div>
     |                 ^
> 60 |         </section>
     | ^^^^^^^^^
  61 |       </div>
  62 |
  63 |       <RevealOnView>

Expected '</', got 'jsx text'

Import trace:
  Server Component:
    ./components/content/FaqPageContent.tsx
    ./app/faq/page.tsx @ http://127.0.0.1:3000/_next/static/chunks/node_modules_next_dist_f3530cac._.js:3127
[    8662ms] [ERROR] ./components/content/FaqPageContent.tsx:59:17
Parsing ecmascript source code failed
  57 |               }}
  58 |             />
> 59 |           </div>
     |                 ^
> 60 |         </section>
     | ^^^^^^^^^
  61 |       </div>
  62 |
  63 |       <RevealOnView>

Expected '</', got 'jsx text'

Import trace:
  Server Component:
    ./components/content/FaqPageContent.tsx
    ./app/faq/page.tsx @ http://127.0.0.1:3000/_next/static/chunks/node_modules_next_dist_f3530cac._.js:3127
[    8714ms] [ERROR] ./components/content/FaqPageContent.tsx:59:17
Parsing ecmascript source code failed
  57 |               }}
  58 |             />
> 59 |           </div>
     |                 ^
> 60 |         </section>
     | ^^^^^^^^^
  61 |       </div>
  62 |
  63 |       <RevealOnView>

Expected '</', got 'jsx text'

Import trace:
  Server Component:
    ./components/content/FaqPageContent.tsx
    ./app/faq/page.tsx @ http://127.0.0.1:3000/_next/static/chunks/node_modules_next_dist_f3530cac._.js:3127
[    8765ms] [ERROR] ./components/content/FaqPageContent.tsx:59:17
Parsing ecmascript source code failed
  57 |               }}
  58 |             />
> 59 |           </div>
     |                 ^
> 60 |         </section>
     | ^^^^^^^^^
  61 |       </div>
  62 |
  63 |       <RevealOnView>

Expected '</', got 'jsx text'

Import trace:
  Server Component:
    ./components/content/FaqPageContent.tsx
    ./app/faq/page.tsx @ http://127.0.0.1:3000/_next/static/chunks/node_modules_next_dist_f3530cac._.js:3127
[    8818ms] [ERROR] ./components/content/FaqPageContent.tsx:59:17
Parsing ecmascript source code failed
  57 |               }}
  58 |             />
> 59 |           </div>
     |                 ^
> 60 |         </section>
     | ^^^^^^^^^
  61 |       </div>
  62 |
  63 |       <RevealOnView>

Expected '</', got 'jsx text'

Import trace:
  Server Component:
    ./components/content/FaqPageContent.tsx
    ./app/faq/page.tsx @ http://127.0.0.1:3000/_next/static/chunks/node_modules_next_dist_f3530cac._.js:3127
[    8870ms] [ERROR] ./components/content/FaqPageContent.tsx:59:17
Parsing ecmascript source code failed
  57 |               }}
  58 |             />
> 59 |           </div>
     |                 ^
> 60 |         </section>
     | ^^^^^^^^^
  61 |       </div>
  62 |
  63 |       <RevealOnView>

Expected '</', got 'jsx text'

Import trace:
  Server Component:
    ./components/content/FaqPageContent.tsx
    ./app/faq/page.tsx @ http://127.0.0.1:3000/_next/static/chunks/node_modules_next_dist_f3530cac._.js:3127
[    8923ms] [ERROR] ./components/content/FaqPageContent.tsx:59:17
Parsing ecmascript source code failed
  57 |               }}
  58 |             />
> 59 |           </div>
     |                 ^
> 60 |         </section>
     | ^^^^^^^^^
  61 |       </div>
  62 |
  63 |       <RevealOnView>

Expected '</', got 'jsx text'

Import trace:
  Server Component:
    ./components/content/FaqPageContent.tsx
    ./app/faq/page.tsx @ http://127.0.0.1:3000/_next/static/chunks/node_modules_next_dist_f3530cac._.js:3127
[    8976ms] [ERROR] ./components/content/FaqPageContent.tsx:59:17
Parsing ecmascript source code failed
  57 |               }}
  58 |             />
> 59 |           </div>
     |                 ^
> 60 |         </section>
     | ^^^^^^^^^
  61 |       </div>
  62 |
  63 |       <RevealOnView>

Expected '</', got 'jsx text'

Import trace:
  Server Component:
    ./components/content/FaqPageContent.tsx
    ./app/faq/page.tsx @ http://127.0.0.1:3000/_next/static/chunks/node_modules_next_dist_f3530cac._.js:3127
[    9028ms] [ERROR] ./components/content/FaqPageContent.tsx:59:17
Parsing ecmascript source code failed
  57 |               }}
  58 |             />
> 59 |           </div>
     |                 ^
> 60 |         </section>
     | ^^^^^^^^^
  61 |       </div>
  62 |
  63 |       <RevealOnView>

Expected '</', got 'jsx text'

Import trace:
  Server Component:
    ./components/content/FaqPageContent.tsx
    ./app/faq/page.tsx @ http://127.0.0.1:3000/_next/static/chunks/node_modules_next_dist_f3530cac._.js:3127
[    9081ms] [ERROR] ./components/content/FaqPageContent.tsx:59:17
Parsing ecmascript source code failed
  57 |               }}
  58 |             />
> 59 |           </div>
     |                 ^
> 60 |         </section>
     | ^^^^^^^^^
  61 |       </div>
  62 |
  63 |       <RevealOnView>

Expected '</', got 'jsx text'

Import trace:
  Server Component:
    ./components/content/FaqPageContent.tsx
    ./app/faq/page.tsx @ http://127.0.0.1:3000/_next/static/chunks/node_modules_next_dist_f3530cac._.js:3127
[    9134ms] [ERROR] ./components/content/FaqPageContent.tsx:59:17
Parsing ecmascript source code failed
  57 |               }}
  58 |             />
> 59 |           </div>
     |                 ^
> 60 |         </section>
     | ^^^^^^^^^
  61 |       </div>
  62 |
  63 |       <RevealOnView>

Expected '</', got 'jsx text'

Import trace:
  Server Component:
    ./components/content/FaqPageContent.tsx
    ./app/faq/page.tsx @ http://127.0.0.1:3000/_next/static/chunks/node_modules_next_dist_f3530cac._.js:3127
[    9186ms] [ERROR] ./components/content/FaqPageContent.tsx:59:17
Parsing ecmascript source code failed
  57 |               }}
  58 |             />
> 59 |           </div>
     |                 ^
> 60 |         </section>
     | ^^^^^^^^^
  61 |       </div>
  62 |
  63 |       <RevealOnView>

Expected '</', got 'jsx text'

Import trace:
  Server Component:
    ./components/content/FaqPageContent.tsx
    ./app/faq/page.tsx @ http://127.0.0.1:3000/_next/static/chunks/node_modules_next_dist_f3530cac._.js:3127
[    9239ms] [ERROR] ./components/content/FaqPageContent.tsx:59:17
Parsing ecmascript source code failed
  57 |               }}
  58 |             />
> 59 |           </div>
     |                 ^
> 60 |         </section>
     | ^^^^^^^^^
  61 |       </div>
  62 |
  63 |       <RevealOnView>

Expected '</', got 'jsx text'

Import trace:
  Server Component:
    ./components/content/FaqPageContent.tsx
    ./app/faq/page.tsx @ http://127.0.0.1:3000/_next/static/chunks/node_modules_next_dist_f3530cac._.js:3127
[    9291ms] [ERROR] ./components/content/FaqPageContent.tsx:59:17
Parsing ecmascript source code failed
  57 |               }}
  58 |             />
> 59 |           </div>
     |                 ^
> 60 |         </section>
     | ^^^^^^^^^
  61 |       </div>
  62 |
  63 |       <RevealOnView>

Expected '</', got 'jsx text'

Import trace:
  Server Component:
    ./components/content/FaqPageContent.tsx
    ./app/faq/page.tsx @ http://127.0.0.1:3000/_next/static/chunks/node_modules_next_dist_f3530cac._.js:3127
[    9341ms] [ERROR] ./components/content/FaqPageContent.tsx:59:17
Parsing ecmascript source code failed
  57 |               }}
  58 |             />
> 59 |           </div>
     |                 ^
> 60 |         </section>
     | ^^^^^^^^^
  61 |       </div>
  62 |
  63 |       <RevealOnView>

Expected '</', got 'jsx text'

Import trace:
  Server Component:
    ./components/content/FaqPageContent.tsx
    ./app/faq/page.tsx @ http://127.0.0.1:3000/_next/static/chunks/node_modules_next_dist_f3530cac._.js:3127
[    9395ms] [ERROR] ./components/content/FaqPageContent.tsx:59:17
Parsing ecmascript source code failed
  57 |               }}
  58 |             />
> 59 |           </div>
     |                 ^
> 60 |         </section>
     | ^^^^^^^^^
  61 |       </div>
  62 |
  63 |       <RevealOnView>

Expected '</', got 'jsx text'

Import trace:
  Server Component:
    ./components/content/FaqPageContent.tsx
    ./app/faq/page.tsx @ http://127.0.0.1:3000/_next/static/chunks/node_modules_next_dist_f3530cac._.js:3127
[    9448ms] [ERROR] ./components/content/FaqPageContent.tsx:59:17
Parsing ecmascript source code failed
  57 |               }}
  58 |             />
> 59 |           </div>
     |                 ^
> 60 |         </section>
     | ^^^^^^^^^
  61 |       </div>
  62 |
  63 |       <RevealOnView>

Expected '</', got 'jsx text'

Import trace:
  Server Component:
    ./components/content/FaqPageContent.tsx
    ./app/faq/page.tsx @ http://127.0.0.1:3000/_next/static/chunks/node_modules_next_dist_f3530cac._.js:3127
[    9500ms] [ERROR] ./components/content/FaqPageContent.tsx:59:17
Parsing ecmascript source code failed
  57 |               }}
  58 |             />
> 59 |           </div>
     |                 ^
> 60 |         </section>
     | ^^^^^^^^^
  61 |       </div>
  62 |
  63 |       <RevealOnView>

Expected '</', got 'jsx text'

Import trace:
  Server Component:
    ./components/content/FaqPageContent.tsx
    ./app/faq/page.tsx @ http://127.0.0.1:3000/_next/static/chunks/node_modules_next_dist_f3530cac._.js:3127
[    9553ms] [ERROR] ./components/content/FaqPageContent.tsx:59:17
Parsing ecmascript source code failed
  57 |               }}
  58 |             />
> 59 |           </div>
     |                 ^
> 60 |         </section>
     | ^^^^^^^^^
  61 |       </div>
  62 |
  63 |       <RevealOnView>

Expected '</', got 'jsx text'

Import trace:
  Server Component:
    ./components/content/FaqPageContent.tsx
    ./app/faq/page.tsx @ http://127.0.0.1:3000/_next/static/chunks/node_modules_next_dist_f3530cac._.js:3127
[    9607ms] [ERROR] ./components/content/FaqPageContent.tsx:59:17
Parsing ecmascript source code failed
  57 |               }}
  58 |             />
> 59 |           </div>
     |                 ^
> 60 |         </section>
     | ^^^^^^^^^
  61 |       </div>
  62 |
  63 |       <RevealOnView>

Expected '</', got 'jsx text'

Import trace:
  Server Component:
    ./components/content/FaqPageContent.tsx
    ./app/faq/page.tsx @ http://127.0.0.1:3000/_next/static/chunks/node_modules_next_dist_f3530cac._.js:3127
[    9659ms] [ERROR] ./components/content/FaqPageContent.tsx:59:17
Parsing ecmascript source code failed
  57 |               }}
  58 |             />
> 59 |           </div>
     |                 ^
> 60 |         </section>
     | ^^^^^^^^^
  61 |       </div>
  62 |
  63 |       <RevealOnView>

Expected '</', got 'jsx text'

Import trace:
  Server Component:
    ./components/content/FaqPageContent.tsx
    ./app/faq/page.tsx @ http://127.0.0.1:3000/_next/static/chunks/node_modules_next_dist_f3530cac._.js:3127
[    9711ms] [ERROR] ./components/content/FaqPageContent.tsx:59:17
Parsing ecmascript source code failed
  57 |               }}
  58 |             />
> 59 |           </div>
     |                 ^
> 60 |         </section>
     | ^^^^^^^^^
  61 |       </div>
  62 |
  63 |       <RevealOnView>

Expected '</', got 'jsx text'

Import trace:
  Server Component:
    ./components/content/FaqPageContent.tsx
    ./app/faq/page.tsx @ http://127.0.0.1:3000/_next/static/chunks/node_modules_next_dist_f3530cac._.js:3127
[    9768ms] [ERROR] ./components/content/FaqPageContent.tsx:59:17
Parsing ecmascript source code failed
  57 |               }}
  58 |             />
> 59 |           </div>
     |                 ^
> 60 |         </section>
     | ^^^^^^^^^
  61 |       </div>
  62 |
  63 |       <RevealOnView>

Expected '</', got 'jsx text'

Import trace:
  Server Component:
    ./components/content/FaqPageContent.tsx
    ./app/faq/page.tsx @ http://127.0.0.1:3000/_next/static/chunks/node_modules_next_dist_f3530cac._.js:3127
[    9819ms] [ERROR] ./components/content/FaqPageContent.tsx:59:17
Parsing ecmascript source code failed
  57 |               }}
  58 |             />
> 59 |           </div>
     |                 ^
> 60 |         </section>
     | ^^^^^^^^^
  61 |       </div>
  62 |
  63 |       <RevealOnView>

Expected '</', got 'jsx text'

Import trace:
  Server Component:
    ./components/content/FaqPageContent.tsx
    ./app/faq/page.tsx @ http://127.0.0.1:3000/_next/static/chunks/node_modules_next_dist_f3530cac._.js:3127
[    9872ms] [ERROR] ./components/content/FaqPageContent.tsx:59:17
Parsing ecmascript source code failed
  57 |               }}
  58 |             />
> 59 |           </div>
     |                 ^
> 60 |         </section>
     | ^^^^^^^^^
  61 |       </div>
  62 |
  63 |       <RevealOnView>

Expected '</', got 'jsx text'

Import trace:
  Server Component:
    ./components/content/FaqPageContent.tsx
    ./app/faq/page.tsx @ http://127.0.0.1:3000/_next/static/chunks/node_modules_next_dist_f3530cac._.js:3127
[    9924ms] [ERROR] ./components/content/FaqPageContent.tsx:59:17
Parsing ecmascript source code failed
  57 |               }}
  58 |             />
> 59 |           </div>
     |                 ^
> 60 |         </section>
     | ^^^^^^^^^
  61 |       </div>
  62 |
  63 |       <RevealOnView>

Expected '</', got 'jsx text'

Import trace:
  Server Component:
    ./components/content/FaqPageContent.tsx
    ./app/faq/page.tsx @ http://127.0.0.1:3000/_next/static/chunks/node_modules_next_dist_f3530cac._.js:3127
[    9975ms] [ERROR] ./components/content/FaqPageContent.tsx:59:17
Parsing ecmascript source code failed
  57 |               }}
  58 |             />
> 59 |           </div>
     |                 ^
> 60 |         </section>
     | ^^^^^^^^^
  61 |       </div>
  62 |
  63 |       <RevealOnView>

Expected '</', got 'jsx text'

Import trace:
  Server Component:
    ./components/content/FaqPageContent.tsx
    ./app/faq/page.tsx @ http://127.0.0.1:3000/_next/static/chunks/node_modules_next_dist_f3530cac._.js:3127
[   10028ms] [ERROR] ./components/content/FaqPageContent.tsx:59:17
Parsing ecmascript source code failed
  57 |               }}
  58 |             />
> 59 |           </div>
     |                 ^
> 60 |         </section>
     | ^^^^^^^^^
  61 |       </div>
  62 |
  63 |       <RevealOnView>

Expected '</', got 'jsx text'

Import trace:
  Server Component:
    ./components/content/FaqPageContent.tsx
    ./app/faq/page.tsx @ http://127.0.0.1:3000/_next/static/chunks/node_modules_next_dist_f3530cac._.js:3127
[   10081ms] [ERROR] ./components/content/FaqPageContent.tsx:59:17
Parsing ecmascript source code failed
  57 |               }}
  58 |             />
> 59 |           </div>
     |                 ^
> 60 |         </section>
     | ^^^^^^^^^
  61 |       </div>
  62 |
  63 |       <RevealOnView>

Expected '</', got 'jsx text'

Import trace:
  Server Component:
    ./components/content/FaqPageContent.tsx
    ./app/faq/page.tsx @ http://127.0.0.1:3000/_next/static/chunks/node_modules_next_dist_f3530cac._.js:3127
[   10133ms] [ERROR] ./components/content/FaqPageContent.tsx:59:17
Parsing ecmascript source code failed
  57 |               }}
  58 |             />
> 59 |           </div>
     |                 ^
> 60 |         </section>
     | ^^^^^^^^^
  61 |       </div>
  62 |
  63 |       <RevealOnView>

Expected '</', got 'jsx text'

Import trace:
  Server Component:
    ./components/content/FaqPageContent.tsx
    ./app/faq/page.tsx @ http://127.0.0.1:3000/_next/static/chunks/node_modules_next_dist_f3530cac._.js:3127
[   10185ms] [ERROR] ./components/content/FaqPageContent.tsx:59:17
Parsing ecmascript source code failed
  57 |               }}
  58 |             />
> 59 |           </div>
     |                 ^
> 60 |         </section>
     | ^^^^^^^^^
  61 |       </div>
  62 |
  63 |       <RevealOnView>

Expected '</', got 'jsx text'

Import trace:
  Server Component:
    ./components/content/FaqPageContent.tsx
    ./app/faq/page.tsx @ http://127.0.0.1:3000/_next/static/chunks/node_modules_next_dist_f3530cac._.js:3127
[   10239ms] [ERROR] ./components/content/FaqPageContent.tsx:59:17
Parsing ecmascript source code failed
  57 |               }}
  58 |             />
> 59 |           </div>
     |                 ^
> 60 |         </section>
     | ^^^^^^^^^
  61 |       </div>
  62 |
  63 |       <RevealOnView>

Expected '</', got 'jsx text'

Import trace:
  Server Component:
    ./components/content/FaqPageContent.tsx
    ./app/faq/page.tsx @ http://127.0.0.1:3000/_next/static/chunks/node_modules_next_dist_f3530cac._.js:3127
[   10290ms] [ERROR] ./components/content/FaqPageContent.tsx:59:17
Parsing ecmascript source code failed
  57 |               }}
  58 |             />
> 59 |           </div>
     |                 ^
> 60 |         </section>
     | ^^^^^^^^^
  61 |       </div>
  62 |
  63 |       <RevealOnView>

Expected '</', got 'jsx text'

Import trace:
  Server Component:
    ./components/content/FaqPageContent.tsx
    ./app/faq/page.tsx @ http://127.0.0.1:3000/_next/static/chunks/node_modules_next_dist_f3530cac._.js:3127
[   10341ms] [ERROR] ./components/content/FaqPageContent.tsx:59:17
Parsing ecmascript source code failed
  57 |               }}
  58 |             />
> 59 |           </div>
     |                 ^
> 60 |         </section>
     | ^^^^^^^^^
  61 |       </div>
  62 |
  63 |       <RevealOnView>

Expected '</', got 'jsx text'

Import trace:
  Server Component:
    ./components/content/FaqPageContent.tsx
    ./app/faq/page.tsx @ http://127.0.0.1:3000/_next/static/chunks/node_modules_next_dist_f3530cac._.js:3127
[   10393ms] [ERROR] ./components/content/FaqPageContent.tsx:59:17
Parsing ecmascript source code failed
  57 |               }}
  58 |             />
> 59 |           </div>
     |                 ^
> 60 |         </section>
     | ^^^^^^^^^
  61 |       </div>
  62 |
  63 |       <RevealOnView>

Expected '</', got 'jsx text'

Import trace:
  Server Component:
    ./components/content/FaqPageContent.tsx
    ./app/faq/page.tsx @ http://127.0.0.1:3000/_next/static/chunks/node_modules_next_dist_f3530cac._.js:3127
[   10445ms] [ERROR] ./components/content/FaqPageContent.tsx:59:17
Parsing ecmascript source code failed
  57 |               }}
  58 |             />
> 59 |           </div>
     |                 ^
> 60 |         </section>
     | ^^^^^^^^^
  61 |       </div>
  62 |
  63 |       <RevealOnView>

Expected '</', got 'jsx text'

Import trace:
  Server Component:
    ./components/content/FaqPageContent.tsx
    ./app/faq/page.tsx @ http://127.0.0.1:3000/_next/static/chunks/node_modules_next_dist_f3530cac._.js:3127
[   10498ms] [ERROR] ./components/content/FaqPageContent.tsx:59:17
Parsing ecmascript source code failed
  57 |               }}
  58 |             />
> 59 |           </div>
     |                 ^
> 60 |         </section>
     | ^^^^^^^^^
  61 |       </div>
  62 |
  63 |       <RevealOnView>

Expected '</', got 'jsx text'

Import trace:
  Server Component:
    ./components/content/FaqPageContent.tsx
    ./app/faq/page.tsx @ http://127.0.0.1:3000/_next/static/chunks/node_modules_next_dist_f3530cac._.js:3127
[   10551ms] [ERROR] ./components/content/FaqPageContent.tsx:59:17
Parsing ecmascript source code failed
  57 |               }}
  58 |             />
> 59 |           </div>
     |                 ^
> 60 |         </section>
     | ^^^^^^^^^
  61 |       </div>
  62 |
  63 |       <RevealOnView>

Expected '</', got 'jsx text'

Import trace:
  Server Component:
    ./components/content/FaqPageContent.tsx
    ./app/faq/page.tsx @ http://127.0.0.1:3000/_next/static/chunks/node_modules_next_dist_f3530cac._.js:3127
[   10603ms] [ERROR] ./components/content/FaqPageContent.tsx:59:17
Parsing ecmascript source code failed
  57 |               }}
  58 |             />
> 59 |           </div>
     |                 ^
> 60 |         </section>
     | ^^^^^^^^^
  61 |       </div>
  62 |
  63 |       <RevealOnView>

Expected '</', got 'jsx text'

Import trace:
  Server Component:
    ./components/content/FaqPageContent.tsx
    ./app/faq/page.tsx @ http://127.0.0.1:3000/_next/static/chunks/node_modules_next_dist_f3530cac._.js:3127
[   10657ms] [ERROR] ./components/content/FaqPageContent.tsx:59:17
Parsing ecmascript source code failed
  57 |               }}
  58 |             />
> 59 |           </div>
     |                 ^
> 60 |         </section>
     | ^^^^^^^^^
  61 |       </div>
  62 |
  63 |       <RevealOnView>

Expected '</', got 'jsx text'

Import trace:
  Server Component:
    ./components/content/FaqPageContent.tsx
    ./app/faq/page.tsx @ http://127.0.0.1:3000/_next/static/chunks/node_modules_next_dist_f3530cac._.js:3127
[   10710ms] [ERROR] ./components/content/FaqPageContent.tsx:59:17
Parsing ecmascript source code failed
  57 |               }}
  58 |             />
> 59 |           </div>
     |                 ^
> 60 |         </section>
     | ^^^^^^^^^
  61 |       </div>
  62 |
  63 |       <RevealOnView>

Expected '</', got 'jsx text'

Import trace:
  Server Component:
    ./components/content/FaqPageContent.tsx
    ./app/faq/page.tsx @ http://127.0.0.1:3000/_next/static/chunks/node_modules_next_dist_f3530cac._.js:3127
[   10767ms] [ERROR] ./components/content/FaqPageContent.tsx:59:17
Parsing ecmascript source code failed
  57 |               }}
  58 |             />
> 59 |           </div>
     |                 ^
> 60 |         </section>
     | ^^^^^^^^^
  61 |       </div>
  62 |
  63 |       <RevealOnView>

Expected '</', got 'jsx text'

Import trace:
  Server Component:
    ./components/content/FaqPageContent.tsx
    ./app/faq/page.tsx @ http://127.0.0.1:3000/_next/static/chunks/node_modules_next_dist_f3530cac._.js:3127
[   10819ms] [ERROR] ./components/content/FaqPageContent.tsx:59:17
Parsing ecmascript source code failed
  57 |               }}
  58 |             />
> 59 |           </div>
     |                 ^
> 60 |         </section>
     | ^^^^^^^^^
  61 |       </div>
  62 |
  63 |       <RevealOnView>

Expected '</', got 'jsx text'

Import trace:
  Server Component:
    ./components/content/FaqPageContent.tsx
    ./app/faq/page.tsx @ http://127.0.0.1:3000/_next/static/chunks/node_modules_next_dist_f3530cac._.js:3127
[   10872ms] [ERROR] ./components/content/FaqPageContent.tsx:59:17
Parsing ecmascript source code failed
  57 |               }}
  58 |             />
> 59 |           </div>
     |                 ^
> 60 |         </section>
     | ^^^^^^^^^
  61 |       </div>
  62 |
  63 |       <RevealOnView>

Expected '</', got 'jsx text'

Import trace:
  Server Component:
    ./components/content/FaqPageContent.tsx
    ./app/faq/page.tsx @ http://127.0.0.1:3000/_next/static/chunks/node_modules_next_dist_f3530cac._.js:3127
[   10924ms] [ERROR] ./components/content/FaqPageContent.tsx:59:17
Parsing ecmascript source code failed
  57 |               }}
  58 |             />
> 59 |           </div>
     |                 ^
> 60 |         </section>
     | ^^^^^^^^^
  61 |       </div>
  62 |
  63 |       <RevealOnView>

Expected '</', got 'jsx text'

Import trace:
  Server Component:
    ./components/content/FaqPageContent.tsx
    ./app/faq/page.tsx @ http://127.0.0.1:3000/_next/static/chunks/node_modules_next_dist_f3530cac._.js:3127
[   10975ms] [ERROR] ./components/content/FaqPageContent.tsx:59:17
Parsing ecmascript source code failed
  57 |               }}
  58 |             />
> 59 |           </div>
     |                 ^
> 60 |         </section>
     | ^^^^^^^^^
  61 |       </div>
  62 |
  63 |       <RevealOnView>

Expected '</', got 'jsx text'

Import trace:
  Server Component:
    ./components/content/FaqPageContent.tsx
    ./app/faq/page.tsx @ http://127.0.0.1:3000/_next/static/chunks/node_modules_next_dist_f3530cac._.js:3127
[   11028ms] [ERROR] ./components/content/FaqPageContent.tsx:59:17
Parsing ecmascript source code failed
  57 |               }}
  58 |             />
> 59 |           </div>
     |                 ^
> 60 |         </section>
     | ^^^^^^^^^
  61 |       </div>
  62 |
  63 |       <RevealOnView>

Expected '</', got 'jsx text'

Import trace:
  Server Component:
    ./components/content/FaqPageContent.tsx
    ./app/faq/page.tsx @ http://127.0.0.1:3000/_next/static/chunks/node_modules_next_dist_f3530cac._.js:3127
[   11082ms] [ERROR] ./components/content/FaqPageContent.tsx:59:17
Parsing ecmascript source code failed
  57 |               }}
  58 |             />
> 59 |           </div>
     |                 ^
> 60 |         </section>
     | ^^^^^^^^^
  61 |       </div>
  62 |
  63 |       <RevealOnView>

Expected '</', got 'jsx text'

Import trace:
  Server Component:
    ./components/content/FaqPageContent.tsx
    ./app/faq/page.tsx @ http://127.0.0.1:3000/_next/static/chunks/node_modules_next_dist_f3530cac._.js:3127
[   11133ms] [ERROR] ./components/content/FaqPageContent.tsx:59:17
Parsing ecmascript source code failed
  57 |               }}
  58 |             />
> 59 |           </div>
     |                 ^
> 60 |         </section>
     | ^^^^^^^^^
  61 |       </div>
  62 |
  63 |       <RevealOnView>

Expected '</', got 'jsx text'

Import trace:
  Server Component:
    ./components/content/FaqPageContent.tsx
    ./app/faq/page.tsx @ http://127.0.0.1:3000/_next/static/chunks/node_modules_next_dist_f3530cac._.js:3127
[   11186ms] [ERROR] ./components/content/FaqPageContent.tsx:59:17
Parsing ecmascript source code failed
  57 |               }}
  58 |             />
> 59 |           </div>
     |                 ^
> 60 |         </section>
     | ^^^^^^^^^
  61 |       </div>
  62 |
  63 |       <RevealOnView>

Expected '</', got 'jsx text'

Import trace:
  Server Component:
    ./components/content/FaqPageContent.tsx
    ./app/faq/page.tsx @ http://127.0.0.1:3000/_next/static/chunks/node_modules_next_dist_f3530cac._.js:3127
[   11240ms] [ERROR] ./components/content/FaqPageContent.tsx:59:17
Parsing ecmascript source code failed
  57 |               }}
  58 |             />
> 59 |           </div>
     |                 ^
> 60 |         </section>
     | ^^^^^^^^^
  61 |       </div>
  62 |
  63 |       <RevealOnView>

Expected '</', got 'jsx text'

Import trace:
  Server Component:
    ./components/content/FaqPageContent.tsx
    ./app/faq/page.tsx @ http://127.0.0.1:3000/_next/static/chunks/node_modules_next_dist_f3530cac._.js:3127
[   11292ms] [ERROR] ./components/content/FaqPageContent.tsx:59:17
Parsing ecmascript source code failed
  57 |               }}
  58 |             />
> 59 |           </div>
     |                 ^
> 60 |         </section>
     | ^^^^^^^^^
  61 |       </div>
  62 |
  63 |       <RevealOnView>

Expected '</', got 'jsx text'

Import trace:
  Server Component:
    ./components/content/FaqPageContent.tsx
    ./app/faq/page.tsx @ http://127.0.0.1:3000/_next/static/chunks/node_modules_next_dist_f3530cac._.js:3127
[   11342ms] [ERROR] ./components/content/FaqPageContent.tsx:59:17
Parsing ecmascript source code failed
  57 |               }}
  58 |             />
> 59 |           </div>
     |                 ^
> 60 |         </section>
     | ^^^^^^^^^
  61 |       </div>
  62 |
  63 |       <RevealOnView>

Expected '</', got 'jsx text'

Import trace:
  Server Component:
    ./components/content/FaqPageContent.tsx
    ./app/faq/page.tsx @ http://127.0.0.1:3000/_next/static/chunks/node_modules_next_dist_f3530cac._.js:3127
[   11392ms] [ERROR] ./components/content/FaqPageContent.tsx:59:17
Parsing ecmascript source code failed
  57 |               }}
  58 |             />
> 59 |           </div>
     |                 ^
> 60 |         </section>
     | ^^^^^^^^^
  61 |       </div>
  62 |
  63 |       <RevealOnView>

Expected '</', got 'jsx text'

Import trace:
  Server Component:
    ./components/content/FaqPageContent.tsx
    ./app/faq/page.tsx @ http://127.0.0.1:3000/_next/static/chunks/node_modules_next_dist_f3530cac._.js:3127
[   11444ms] [ERROR] ./components/content/FaqPageContent.tsx:59:17
Parsing ecmascript source code failed
  57 |               }}
  58 |             />
> 59 |           </div>
     |                 ^
> 60 |         </section>
     | ^^^^^^^^^
  61 |       </div>
  62 |
  63 |       <RevealOnView>

Expected '</', got 'jsx text'

Import trace:
  Server Component:
    ./components/content/FaqPageContent.tsx
    ./app/faq/page.tsx @ http://127.0.0.1:3000/_next/static/chunks/node_modules_next_dist_f3530cac._.js:3127
[   11496ms] [ERROR] ./components/content/FaqPageContent.tsx:59:17
Parsing ecmascript source code failed
  57 |               }}
  58 |             />
> 59 |           </div>
     |                 ^
> 60 |         </section>
     | ^^^^^^^^^
  61 |       </div>
  62 |
  63 |       <RevealOnView>

Expected '</', got 'jsx text'

Import trace:
  Server Component:
    ./components/content/FaqPageContent.tsx
    ./app/faq/page.tsx @ http://127.0.0.1:3000/_next/static/chunks/node_modules_next_dist_f3530cac._.js:3127
[   11549ms] [ERROR] ./components/content/FaqPageContent.tsx:59:17
Parsing ecmascript source code failed
  57 |               }}
  58 |             />
> 59 |           </div>
     |                 ^
> 60 |         </section>
     | ^^^^^^^^^
  61 |       </div>
  62 |
  63 |       <RevealOnView>

Expected '</', got 'jsx text'

Import trace:
  Server Component:
    ./components/content/FaqPageContent.tsx
    ./app/faq/page.tsx @ http://127.0.0.1:3000/_next/static/chunks/node_modules_next_dist_f3530cac._.js:3127
[   11600ms] [ERROR] ./components/content/FaqPageContent.tsx:59:17
Parsing ecmascript source code failed
  57 |               }}
  58 |             />
> 59 |           </div>
     |                 ^
> 60 |         </section>
     | ^^^^^^^^^
  61 |       </div>
  62 |
  63 |       <RevealOnView>

Expected '</', got 'jsx text'

Import trace:
  Server Component:
    ./components/content/FaqPageContent.tsx
    ./app/faq/page.tsx @ http://127.0.0.1:3000/_next/static/chunks/node_modules_next_dist_f3530cac._.js:3127
[   11652ms] [ERROR] ./components/content/FaqPageContent.tsx:59:17
Parsing ecmascript source code failed
  57 |               }}
  58 |             />
> 59 |           </div>
     |                 ^
> 60 |         </section>
     | ^^^^^^^^^
  61 |       </div>
  62 |
  63 |       <RevealOnView>

Expected '</', got 'jsx text'

Import trace:
  Server Component:
    ./components/content/FaqPageContent.tsx
    ./app/faq/page.tsx @ http://127.0.0.1:3000/_next/static/chunks/node_modules_next_dist_f3530cac._.js:3127
[   11705ms] [ERROR] ./components/content/FaqPageContent.tsx:59:17
Parsing ecmascript source code failed
  57 |               }}
  58 |             />
> 59 |           </div>
     |                 ^
> 60 |         </section>
     | ^^^^^^^^^
  61 |       </div>
  62 |
  63 |       <RevealOnView>

Expected '</', got 'jsx text'

Import trace:
  Server Component:
    ./components/content/FaqPageContent.tsx
    ./app/faq/page.tsx @ http://127.0.0.1:3000/_next/static/chunks/node_modules_next_dist_f3530cac._.js:3127
[   11757ms] [ERROR] ./components/content/FaqPageContent.tsx:59:17
Parsing ecmascript source code failed
  57 |               }}
  58 |             />
> 59 |           </div>
     |                 ^
> 60 |         </section>
     | ^^^^^^^^^
  61 |       </div>
  62 |
  63 |       <RevealOnView>

Expected '</', got 'jsx text'

Import trace:
  Server Component:
    ./components/content/FaqPageContent.tsx
    ./app/faq/page.tsx @ http://127.0.0.1:3000/_next/static/chunks/node_modules_next_dist_f3530cac._.js:3127
[   11808ms] [ERROR] ./components/content/FaqPageContent.tsx:59:17
Parsing ecmascript source code failed
  57 |               }}
  58 |             />
> 59 |           </div>
     |                 ^
> 60 |         </section>
     | ^^^^^^^^^
  61 |       </div>
  62 |
  63 |       <RevealOnView>

Expected '</', got 'jsx text'

Import trace:
  Server Component:
    ./components/content/FaqPageContent.tsx
    ./app/faq/page.tsx @ http://127.0.0.1:3000/_next/static/chunks/node_modules_next_dist_f3530cac._.js:3127
[   11859ms] [ERROR] ./components/content/FaqPageContent.tsx:59:17
Parsing ecmascript source code failed
  57 |               }}
  58 |             />
> 59 |           </div>
     |                 ^
> 60 |         </section>
     | ^^^^^^^^^
  61 |       </div>
  62 |
  63 |       <RevealOnView>

Expected '</', got 'jsx text'

Import trace:
  Server Component:
    ./components/content/FaqPageContent.tsx
    ./app/faq/page.tsx @ http://127.0.0.1:3000/_next/static/chunks/node_modules_next_dist_f3530cac._.js:3127
[   11911ms] [ERROR] ./components/content/FaqPageContent.tsx:59:17
Parsing ecmascript source code failed
  57 |               }}
  58 |             />
> 59 |           </div>
     |                 ^
> 60 |         </section>
     | ^^^^^^^^^
  61 |       </div>
  62 |
  63 |       <RevealOnView>

Expected '</', got 'jsx text'

Import trace:
  Server Component:
    ./components/content/FaqPageContent.tsx
    ./app/faq/page.tsx @ http://127.0.0.1:3000/_next/static/chunks/node_modules_next_dist_f3530cac._.js:3127
[   11964ms] [ERROR] ./components/content/FaqPageContent.tsx:59:17
Parsing ecmascript source code failed
  57 |               }}
  58 |             />
> 59 |           </div>
     |                 ^
> 60 |         </section>
     | ^^^^^^^^^
  61 |       </div>
  62 |
  63 |       <RevealOnView>

Expected '</', got 'jsx text'

Import trace:
  Server Component:
    ./components/content/FaqPageContent.tsx
    ./app/faq/page.tsx @ http://127.0.0.1:3000/_next/static/chunks/node_modules_next_dist_f3530cac._.js:3127
[   12015ms] [ERROR] ./components/content/FaqPageContent.tsx:59:17
Parsing ecmascript source code failed
  57 |               }}
  58 |             />
> 59 |           </div>
     |                 ^
> 60 |         </section>
     | ^^^^^^^^^
  61 |       </div>
  62 |
  63 |       <RevealOnView>

Expected '</', got 'jsx text'

Import trace:
  Server Component:
    ./components/content/FaqPageContent.tsx
    ./app/faq/page.tsx @ http://127.0.0.1:3000/_next/static/chunks/node_modules_next_dist_f3530cac._.js:3127
[   12066ms] [ERROR] ./components/content/FaqPageContent.tsx:59:17
Parsing ecmascript source code failed
  57 |               }}
  58 |             />
> 59 |           </div>
     |                 ^
> 60 |         </section>
     | ^^^^^^^^^
  61 |       </div>
  62 |
  63 |       <RevealOnView>

Expected '</', got 'jsx text'

Import trace:
  Server Component:
    ./components/content/FaqPageContent.tsx
    ./app/faq/page.tsx @ http://127.0.0.1:3000/_next/static/chunks/node_modules_next_dist_f3530cac._.js:3127
[   12117ms] [ERROR] ./components/content/FaqPageContent.tsx:59:17
Parsing ecmascript source code failed
  57 |               }}
  58 |             />
> 59 |           </div>
     |                 ^
> 60 |         </section>
     | ^^^^^^^^^
  61 |       </div>
  62 |
  63 |       <RevealOnView>

Expected '</', got 'jsx text'

Import trace:
  Server Component:
    ./components/content/FaqPageContent.tsx
    ./app/faq/page.tsx @ http://127.0.0.1:3000/_next/static/chunks/node_modules_next_dist_f3530cac._.js:3127
[   12169ms] [ERROR] ./components/content/FaqPageContent.tsx:59:17
Parsing ecmascript source code failed
  57 |               }}
  58 |             />
> 59 |           </div>
     |                 ^
> 60 |         </section>
     | ^^^^^^^^^
  61 |       </div>
  62 |
  63 |       <RevealOnView>

Expected '</', got 'jsx text'

Import trace:
  Server Component:
    ./components/content/FaqPageContent.tsx
    ./app/faq/page.tsx @ http://127.0.0.1:3000/_next/static/chunks/node_modules_next_dist_f3530cac._.js:3127
[   12219ms] [ERROR] ./components/content/FaqPageContent.tsx:59:17
Parsing ecmascript source code failed
  57 |               }}
  58 |             />
> 59 |           </div>
     |                 ^
> 60 |         </section>
     | ^^^^^^^^^
  61 |       </div>
  62 |
  63 |       <RevealOnView>

Expected '</', got 'jsx text'

Import trace:
  Server Component:
    ./components/content/FaqPageContent.tsx
    ./app/faq/page.tsx @ http://127.0.0.1:3000/_next/static/chunks/node_modules_next_dist_f3530cac._.js:3127
[   12270ms] [ERROR] ./components/content/FaqPageContent.tsx:59:17
Parsing ecmascript source code failed
  57 |               }}
  58 |             />
> 59 |           </div>
     |                 ^
> 60 |         </section>
     | ^^^^^^^^^
  61 |       </div>
  62 |
  63 |       <RevealOnView>

Expected '</', got 'jsx text'

Import trace:
  Server Component:
    ./components/content/FaqPageContent.tsx
    ./app/faq/page.tsx @ http://127.0.0.1:3000/_next/static/chunks/node_modules_next_dist_f3530cac._.js:3127
[   12321ms] [ERROR] ./components/content/FaqPageContent.tsx:59:17
Parsing ecmascript source code failed
  57 |               }}
  58 |             />
> 59 |           </div>
     |                 ^
> 60 |         </section>
     | ^^^^^^^^^
  61 |       </div>
  62 |
  63 |       <RevealOnView>

Expected '</', got 'jsx text'

Import trace:
  Server Component:
    ./components/content/FaqPageContent.tsx
    ./app/faq/page.tsx @ http://127.0.0.1:3000/_next/static/chunks/node_modules_next_dist_f3530cac._.js:3127
[   12373ms] [ERROR] ./components/content/FaqPageContent.tsx:59:17
Parsing ecmascript source code failed
  57 |               }}
  58 |             />
> 59 |           </div>
     |                 ^
> 60 |         </section>
     | ^^^^^^^^^
  61 |       </div>
  62 |
  63 |       <RevealOnView>

Expected '</', got 'jsx text'

Import trace:
  Server Component:
    ./components/content/FaqPageContent.tsx
    ./app/faq/page.tsx @ http://127.0.0.1:3000/_next/static/chunks/node_modules_next_dist_f3530cac._.js:3127
[   12424ms] [ERROR] ./components/content/FaqPageContent.tsx:59:17
Parsing ecmascript source code failed
  57 |               }}
  58 |             />
> 59 |           </div>
     |                 ^
> 60 |         </section>
     | ^^^^^^^^^
  61 |       </div>
  62 |
  63 |       <RevealOnView>

Expected '</', got 'jsx text'

Import trace:
  Server Component:
    ./components/content/FaqPageContent.tsx
    ./app/faq/page.tsx @ http://127.0.0.1:3000/_next/static/chunks/node_modules_next_dist_f3530cac._.js:3127
[   12474ms] [ERROR] ./components/content/FaqPageContent.tsx:59:17
Parsing ecmascript source code failed
  57 |               }}
  58 |             />
> 59 |           </div>
     |                 ^
> 60 |         </section>
     | ^^^^^^^^^
  61 |       </div>
  62 |
  63 |       <RevealOnView>

Expected '</', got 'jsx text'

Import trace:
  Server Component:
    ./components/content/FaqPageContent.tsx
    ./app/faq/page.tsx @ http://127.0.0.1:3000/_next/static/chunks/node_modules_next_dist_f3530cac._.js:3127
[   12526ms] [ERROR] ./components/content/FaqPageContent.tsx:59:17
Parsing ecmascript source code failed
  57 |               }}
  58 |             />
> 59 |           </div>
     |                 ^
> 60 |         </section>
     | ^^^^^^^^^
  61 |       </div>
  62 |
  63 |       <RevealOnView>

Expected '</', got 'jsx text'

Import trace:
  Server Component:
    ./components/content/FaqPageContent.tsx
    ./app/faq/page.tsx @ http://127.0.0.1:3000/_next/static/chunks/node_modules_next_dist_f3530cac._.js:3127
[   12578ms] [ERROR] ./components/content/FaqPageContent.tsx:59:17
Parsing ecmascript source code failed
  57 |               }}
  58 |             />
> 59 |           </div>
     |                 ^
> 60 |         </section>
     | ^^^^^^^^^
  61 |       </div>
  62 |
  63 |       <RevealOnView>

Expected '</', got 'jsx text'

Import trace:
  Server Component:
    ./components/content/FaqPageContent.tsx
    ./app/faq/page.tsx @ http://127.0.0.1:3000/_next/static/chunks/node_modules_next_dist_f3530cac._.js:3127
[   12628ms] [ERROR] ./components/content/FaqPageContent.tsx:59:17
Parsing ecmascript source code failed
  57 |               }}
  58 |             />
> 59 |           </div>
     |                 ^
> 60 |         </section>
     | ^^^^^^^^^
  61 |       </div>
  62 |
  63 |       <RevealOnView>

Expected '</', got 'jsx text'

Import trace:
  Server Component:
    ./components/content/FaqPageContent.tsx
    ./app/faq/page.tsx @ http://127.0.0.1:3000/_next/static/chunks/node_modules_next_dist_f3530cac._.js:3127
[   12682ms] [ERROR] ./components/content/FaqPageContent.tsx:59:17
Parsing ecmascript source code failed
  57 |               }}
  58 |             />
> 59 |           </div>
     |                 ^
> 60 |         </section>
     | ^^^^^^^^^
  61 |       </div>
  62 |
  63 |       <RevealOnView>

Expected '</', got 'jsx text'

Import trace:
  Server Component:
    ./components/content/FaqPageContent.tsx
    ./app/faq/page.tsx @ http://127.0.0.1:3000/_next/static/chunks/node_modules_next_dist_f3530cac._.js:3127
[   12731ms] [ERROR] ./components/content/FaqPageContent.tsx:59:17
Parsing ecmascript source code failed
  57 |               }}
  58 |             />
> 59 |           </div>
     |                 ^
> 60 |         </section>
     | ^^^^^^^^^
  61 |       </div>
  62 |
  63 |       <RevealOnView>

Expected '</', got 'jsx text'

Import trace:
  Server Component:
    ./components/content/FaqPageContent.tsx
    ./app/faq/page.tsx @ http://127.0.0.1:3000/_next/static/chunks/node_modules_next_dist_f3530cac._.js:3127
[   12782ms] [ERROR] ./components/content/FaqPageContent.tsx:59:17
Parsing ecmascript source code failed
  57 |               }}
  58 |             />
> 59 |           </div>
     |                 ^
> 60 |         </section>
     | ^^^^^^^^^
  61 |       </div>
  62 |
  63 |       <RevealOnView>

Expected '</', got 'jsx text'

Import trace:
  Server Component:
    ./components/content/FaqPageContent.tsx
    ./app/faq/page.tsx @ http://127.0.0.1:3000/_next/static/chunks/node_modules_next_dist_f3530cac._.js:3127
[   12833ms] [ERROR] ./components/content/FaqPageContent.tsx:59:17
Parsing ecmascript source code failed
  57 |               }}
  58 |             />
> 59 |           </div>
     |                 ^
> 60 |         </section>
     | ^^^^^^^^^
  61 |       </div>
  62 |
  63 |       <RevealOnView>

Expected '</', got 'jsx text'

Import trace:
  Server Component:
    ./components/content/FaqPageContent.tsx
    ./app/faq/page.tsx @ http://127.0.0.1:3000/_next/static/chunks/node_modules_next_dist_f3530cac._.js:3127
[   12886ms] [ERROR] ./components/content/FaqPageContent.tsx:59:17
Parsing ecmascript source code failed
  57 |               }}
  58 |             />
> 59 |           </div>
     |                 ^
> 60 |         </section>
     | ^^^^^^^^^
  61 |       </div>
  62 |
  63 |       <RevealOnView>

Expected '</', got 'jsx text'

Import trace:
  Server Component:
    ./components/content/FaqPageContent.tsx
    ./app/faq/page.tsx @ http://127.0.0.1:3000/_next/static/chunks/node_modules_next_dist_f3530cac._.js:3127
[   12939ms] [ERROR] ./components/content/FaqPageContent.tsx:59:17
Parsing ecmascript source code failed
  57 |               }}
  58 |             />
> 59 |           </div>
     |                 ^
> 60 |         </section>
     | ^^^^^^^^^
  61 |       </div>
  62 |
  63 |       <RevealOnView>

Expected '</', got 'jsx text'

Import trace:
  Server Component:
    ./components/content/FaqPageContent.tsx
    ./app/faq/page.tsx @ http://127.0.0.1:3000/_next/static/chunks/node_modules_next_dist_f3530cac._.js:3127
[   12990ms] [ERROR] ./components/content/FaqPageContent.tsx:59:17
Parsing ecmascript source code failed
  57 |               }}
  58 |             />
> 59 |           </div>
     |                 ^
> 60 |         </section>
     | ^^^^^^^^^
  61 |       </div>
  62 |
  63 |       <RevealOnView>

Expected '</', got 'jsx text'

Import trace:
  Server Component:
    ./components/content/FaqPageContent.tsx
    ./app/faq/page.tsx @ http://127.0.0.1:3000/_next/static/chunks/node_modules_next_dist_f3530cac._.js:3127
[   13044ms] [ERROR] ./components/content/FaqPageContent.tsx:59:17
Parsing ecmascript source code failed
  57 |               }}
  58 |             />
> 59 |           </div>
     |                 ^
> 60 |         </section>
     | ^^^^^^^^^
  61 |       </div>
  62 |
  63 |       <RevealOnView>

Expected '</', got 'jsx text'

Import trace:
  Server Component:
    ./components/content/FaqPageContent.tsx
    ./app/faq/page.tsx @ http://127.0.0.1:3000/_next/static/chunks/node_modules_next_dist_f3530cac._.js:3127
[   13095ms] [ERROR] ./components/content/FaqPageContent.tsx:59:17
Parsing ecmascript source code failed
  57 |               }}
  58 |             />
> 59 |           </div>
     |                 ^
> 60 |         </section>
     | ^^^^^^^^^
  61 |       </div>
  62 |
  63 |       <RevealOnView>

Expected '</', got 'jsx text'

Import trace:
  Server Component:
    ./components/content/FaqPageContent.tsx
    ./app/faq/page.tsx @ http://127.0.0.1:3000/_next/static/chunks/node_modules_next_dist_f3530cac._.js:3127
[   13148ms] [ERROR] ./components/content/FaqPageContent.tsx:59:17
Parsing ecmascript source code failed
  57 |               }}
  58 |             />
> 59 |           </div>
     |                 ^
> 60 |         </section>
     | ^^^^^^^^^
  61 |       </div>
  62 |
  63 |       <RevealOnView>

Expected '</', got 'jsx text'

Import trace:
  Server Component:
    ./components/content/FaqPageContent.tsx
    ./app/faq/page.tsx @ http://127.0.0.1:3000/_next/static/chunks/node_modules_next_dist_f3530cac._.js:3127
[   13205ms] [ERROR] ./components/content/FaqPageContent.tsx:59:17
Parsing ecmascript source code failed
  57 |               }}
  58 |             />
> 59 |           </div>
     |                 ^
> 60 |         </section>
     | ^^^^^^^^^
  61 |       </div>
  62 |
  63 |       <RevealOnView>

Expected '</', got 'jsx text'

Import trace:
  Server Component:
    ./components/content/FaqPageContent.tsx
    ./app/faq/page.tsx @ http://127.0.0.1:3000/_next/static/chunks/node_modules_next_dist_f3530cac._.js:3127
[   13262ms] [ERROR] ./components/content/FaqPageContent.tsx:59:17
Parsing ecmascript source code failed
  57 |               }}
  58 |             />
> 59 |           </div>
     |                 ^
> 60 |         </section>
     | ^^^^^^^^^
  61 |       </div>
  62 |
  63 |       <RevealOnView>

Expected '</', got 'jsx text'

Import trace:
  Server Component:
    ./components/content/FaqPageContent.tsx
    ./app/faq/page.tsx @ http://127.0.0.1:3000/_next/static/chunks/node_modules_next_dist_f3530cac._.js:3127
[   13315ms] [ERROR] ./components/content/FaqPageContent.tsx:59:17
Parsing ecmascript source code failed
  57 |               }}
  58 |             />
> 59 |           </div>
     |                 ^
> 60 |         </section>
     | ^^^^^^^^^
  61 |       </div>
  62 |
  63 |       <RevealOnView>

Expected '</', got 'jsx text'

Import trace:
  Server Component:
    ./components/content/FaqPageContent.tsx
    ./app/faq/page.tsx @ http://127.0.0.1:3000/_next/static/chunks/node_modules_next_dist_f3530cac._.js:3127
[   13385ms] [ERROR] ./components/content/FaqPageContent.tsx:59:17
Parsing ecmascript source code failed
  57 |               }}
  58 |             />
> 59 |           </div>
     |                 ^
> 60 |         </section>
     | ^^^^^^^^^
  61 |       </div>
  62 |
  63 |       <RevealOnView>

Expected '</', got 'jsx text'

Import trace:
  Server Component:
    ./components/content/FaqPageContent.tsx
    ./app/faq/page.tsx @ http://127.0.0.1:3000/_next/static/chunks/node_modules_next_dist_f3530cac._.js:3127
[   13480ms] [ERROR] ./components/content/FaqPageContent.tsx:59:17
Parsing ecmascript source code failed
  57 |               }}
  58 |             />
> 59 |           </div>
     |                 ^
> 60 |         </section>
     | ^^^^^^^^^
  61 |       </div>
  62 |
  63 |       <RevealOnView>

Expected '</', got 'jsx text'

Import trace:
  Server Component:
    ./components/content/FaqPageContent.tsx
    ./app/faq/page.tsx @ http://127.0.0.1:3000/_next/static/chunks/node_modules_next_dist_f3530cac._.js:3127
[   13514ms] [LOG] [Fast Refresh] rebuilding @ http://127.0.0.1:3000/_next/static/chunks/node_modules_next_dist_f3530cac._.js:2297
[   13563ms] [ERROR] ./components/content/FaqPageContent.tsx:59:17
Parsing ecmascript source code failed
  57 |               }}
  58 |             />
> 59 |           </div>
     |                 ^
> 60 |         </section>
     | ^^^^^^^^^
  61 |       </div>
  62 |
  63 |       <RevealOnView>

Expected '</', got 'jsx text'

Import trace:
  Server Component:
    ./components/content/FaqPageContent.tsx
    ./app/faq/page.tsx @ http://127.0.0.1:3000/_next/static/chunks/node_modules_next_dist_f3530cac._.js:3127
[   13604ms] [ERROR] ./components/content/FaqPageContent.tsx:59:17
Parsing ecmascript source code failed
  57 |               }}
  58 |             />
> 59 |           </div>
     |                 ^
> 60 |         </section>
     | ^^^^^^^^^
  61 |       </div>
  62 |
  63 |       <RevealOnView>

Expected '</', got 'jsx text'

Import trace:
  Server Component:
    ./components/content/FaqPageContent.tsx
    ./app/faq/page.tsx @ http://127.0.0.1:3000/_next/static/chunks/node_modules_next_dist_f3530cac._.js:3127
[   13654ms] [ERROR] ./components/content/FaqPageContent.tsx:59:17
Parsing ecmascript source code failed
  57 |               }}
  58 |             />
> 59 |           </div>
     |                 ^
> 60 |         </section>
     | ^^^^^^^^^
  61 |       </div>
  62 |
  63 |       <RevealOnView>

Expected '</', got 'jsx text'

Import trace:
  Server Component:
    ./components/content/FaqPageContent.tsx
    ./app/faq/page.tsx @ http://127.0.0.1:3000/_next/static/chunks/node_modules_next_dist_f3530cac._.js:3127
[   13705ms] [ERROR] ./components/content/FaqPageContent.tsx:59:17
Parsing ecmascript source code failed
  57 |               }}
  58 |             />
> 59 |           </div>
     |                 ^
> 60 |         </section>
     | ^^^^^^^^^
  61 |       </div>
  62 |
  63 |       <RevealOnView>

Expected '</', got 'jsx text'

Import trace:
  Server Component:
    ./components/content/FaqPageContent.tsx
    ./app/faq/page.tsx @ http://127.0.0.1:3000/_next/static/chunks/node_modules_next_dist_f3530cac._.js:3127
[   13755ms] [ERROR] ./components/content/FaqPageContent.tsx:59:17
Parsing ecmascript source code failed
  57 |               }}
  58 |             />
> 59 |           </div>
     |                 ^
> 60 |         </section>
     | ^^^^^^^^^
  61 |       </div>
  62 |
  63 |       <RevealOnView>

Expected '</', got 'jsx text'

Import trace:
  Server Component:
    ./components/content/FaqPageContent.tsx
    ./app/faq/page.tsx @ http://127.0.0.1:3000/_next/static/chunks/node_modules_next_dist_f3530cac._.js:3127
[   13806ms] [ERROR] ./components/content/FaqPageContent.tsx:59:17
Parsing ecmascript source code failed
  57 |               }}
  58 |             />
> 59 |           </div>
     |                 ^
> 60 |         </section>
     | ^^^^^^^^^
  61 |       </div>
  62 |
  63 |       <RevealOnView>

Expected '</', got 'jsx text'

Import trace:
  Server Component:
    ./components/content/FaqPageContent.tsx
    ./app/faq/page.tsx @ http://127.0.0.1:3000/_next/static/chunks/node_modules_next_dist_f3530cac._.js:3127
[   13858ms] [ERROR] ./components/content/FaqPageContent.tsx:59:17
Parsing ecmascript source code failed
  57 |               }}
  58 |             />
> 59 |           </div>
     |                 ^
> 60 |         </section>
     | ^^^^^^^^^
  61 |       </div>
  62 |
  63 |       <RevealOnView>

Expected '</', got 'jsx text'

Import trace:
  Server Component:
    ./components/content/FaqPageContent.tsx
    ./app/faq/page.tsx @ http://127.0.0.1:3000/_next/static/chunks/node_modules_next_dist_f3530cac._.js:3127
[   13912ms] [ERROR] ./components/content/FaqPageContent.tsx:59:17
Parsing ecmascript source code failed
  57 |               }}
  58 |             />
> 59 |           </div>
     |                 ^
> 60 |         </section>
     | ^^^^^^^^^
  61 |       </div>
  62 |
  63 |       <RevealOnView>

Expected '</', got 'jsx text'

Import trace:
  Server Component:
    ./components/content/FaqPageContent.tsx
    ./app/faq/page.tsx @ http://127.0.0.1:3000/_next/static/chunks/node_modules_next_dist_f3530cac._.js:3127
[   13967ms] [ERROR] ./components/content/FaqPageContent.tsx:59:17
Parsing ecmascript source code failed
  57 |               }}
  58 |             />
> 59 |           </div>
     |                 ^
> 60 |         </section>
     | ^^^^^^^^^
  61 |       </div>
  62 |
  63 |       <RevealOnView>

Expected '</', got 'jsx text'

Import trace:
  Server Component:
    ./components/content/FaqPageContent.tsx
    ./app/faq/page.tsx @ http://127.0.0.1:3000/_next/static/chunks/node_modules_next_dist_f3530cac._.js:3127
[   14024ms] [ERROR] ./components/content/FaqPageContent.tsx:59:17
Parsing ecmascript source code failed
  57 |               }}
  58 |             />
> 59 |           </div>
     |                 ^
> 60 |         </section>
     | ^^^^^^^^^
  61 |       </div>
  62 |
  63 |       <RevealOnView>

Expected '</', got 'jsx text'

Import trace:
  Server Component:
    ./components/content/FaqPageContent.tsx
    ./app/faq/page.tsx @ http://127.0.0.1:3000/_next/static/chunks/node_modules_next_dist_f3530cac._.js:3127
[   14145ms] [LOG] [Fast Refresh] rebuilding @ http://127.0.0.1:3000/_next/static/chunks/node_modules_next_dist_f3530cac._.js:2297
[   14199ms] [ERROR] ./components/content/FaqPageContent.tsx:59:17
Parsing ecmascript source code failed
  57 |               }}
  58 |             />
> 59 |           </div>
     |                 ^
> 60 |         </section>
     | ^^^^^^^^^
  61 |       </div>
  62 |
  63 |       <RevealOnView>

Expected '</', got 'jsx text'

Import trace:
  Server Component:
    ./components/content/FaqPageContent.tsx
    ./app/faq/page.tsx @ http://127.0.0.1:3000/_next/static/chunks/node_modules_next_dist_f3530cac._.js:3127
[   14610ms] [ERROR] ./components/content/FaqPageContent.tsx:59:17
Parsing ecmascript source code failed
  57 |               }}
  58 |             />
> 59 |           </div>
     |                 ^
> 60 |         </section>
     | ^^^^^^^^^
  61 |       </div>
  62 |
  63 |       <RevealOnView>

Expected '</', got 'jsx text'

Import trace:
  Server Component:
    ./components/content/FaqPageContent.tsx
    ./app/faq/page.tsx @ http://127.0.0.1:3000/_next/static/chunks/node_modules_next_dist_f3530cac._.js:3127
[   14703ms] [LOG] [Fast Refresh] rebuilding @ http://127.0.0.1:3000/_next/static/chunks/node_modules_next_dist_f3530cac._.js:2297
[   14867ms] [ERROR] ./components/content/FaqPageContent.tsx:59:17
Parsing ecmascript source code failed
  57 |               }}
  58 |             />
> 59 |           </div>
     |                 ^
> 60 |         </section>
     | ^^^^^^^^^
  61 |       </div>
  62 |
  63 |       <RevealOnView>

Expected '</', got 'jsx text'

Import trace:
  Server Component:
    ./components/content/FaqPageContent.tsx
    ./app/faq/page.tsx @ http://127.0.0.1:3000/_next/static/chunks/node_modules_next_dist_f3530cac._.js:3127
[   14871ms] [ERROR] ./components/content/FaqPageContent.tsx:59:17
Parsing ecmascript source code failed
  57 |               }}
  58 |             />
> 59 |           </div>
     |                 ^
> 60 |         </section>
     | ^^^^^^^^^
  61 |       </div>
  62 |
  63 |       <RevealOnView>

Expected '</', got 'jsx text'

Import trace:
  Server Component:
    ./components/content/FaqPageContent.tsx
    ./app/faq/page.tsx @ http://127.0.0.1:3000/_next/static/chunks/node_modules_next_dist_f3530cac._.js:3127
[   14927ms] [ERROR] ./components/content/FaqPageContent.tsx:59:17
Parsing ecmascript source code failed
  57 |               }}
  58 |             />
> 59 |           </div>
     |                 ^
> 60 |         </section>
     | ^^^^^^^^^
  61 |       </div>
  62 |
  63 |       <RevealOnView>

Expected '</', got 'jsx text'

Import trace:
  Server Component:
    ./components/content/FaqPageContent.tsx
    ./app/faq/page.tsx @ http://127.0.0.1:3000/_next/static/chunks/node_modules_next_dist_f3530cac._.js:3127
[   14973ms] [ERROR] ./components/content/FaqPageContent.tsx:59:17
Parsing ecmascript source code failed
  57 |               }}
  58 |             />
> 59 |           </div>
     |                 ^
> 60 |         </section>
     | ^^^^^^^^^
  61 |       </div>
  62 |
  63 |       <RevealOnView>

Expected '</', got 'jsx text'

Import trace:
  Server Component:
    ./components/content/FaqPageContent.tsx
    ./app/faq/page.tsx @ http://127.0.0.1:3000/_next/static/chunks/node_modules_next_dist_f3530cac._.js:3127
[   15029ms] [ERROR] ./components/content/FaqPageContent.tsx:59:17
Parsing ecmascript source code failed
  57 |               }}
  58 |             />
> 59 |           </div>
     |                 ^
> 60 |         </section>
     | ^^^^^^^^^
  61 |       </div>
  62 |
  63 |       <RevealOnView>

Expected '</', got 'jsx text'

Import trace:
  Server Component:
    ./components/content/FaqPageContent.tsx
    ./app/faq/page.tsx @ http://127.0.0.1:3000/_next/static/chunks/node_modules_next_dist_f3530cac._.js:3127
[   15092ms] [LOG] [Fast Refresh] rebuilding @ http://127.0.0.1:3000/_next/static/chunks/node_modules_next_dist_f3530cac._.js:2297
[   15204ms] [LOG] [Fast Refresh] rebuilding @ http://127.0.0.1:3000/_next/static/chunks/node_modules_next_dist_f3530cac._.js:2297
[   15310ms] [ERROR] ./components/content/FaqPageContent.tsx:59:17
Parsing ecmascript source code failed
  57 |               }}
  58 |             />
> 59 |           </div>
     |                 ^
> 60 |         </section>
     | ^^^^^^^^^
  61 |       </div>
  62 |
  63 |       <RevealOnView>

Expected '</', got 'jsx text'

Import trace:
  Server Component:
    ./components/content/FaqPageContent.tsx
    ./app/faq/page.tsx @ http://127.0.0.1:3000/_next/static/chunks/node_modules_next_dist_f3530cac._.js:3127
[   15368ms] [ERROR] ./components/content/FaqPageContent.tsx:59:17
Parsing ecmascript source code failed
  57 |               }}
  58 |             />
> 59 |           </div>
     |                 ^
> 60 |         </section>
     | ^^^^^^^^^
  61 |       </div>
  62 |
  63 |       <RevealOnView>

Expected '</', got 'jsx text'

Import trace:
  Server Component:
    ./components/content/FaqPageContent.tsx
    ./app/faq/page.tsx @ http://127.0.0.1:3000/_next/static/chunks/node_modules_next_dist_f3530cac._.js:3127
[   15464ms] [ERROR] ./components/content/FaqPageContent.tsx:59:17
Parsing ecmascript source code failed
  57 |               }}
  58 |             />
> 59 |           </div>
     |                 ^
> 60 |         </section>
     | ^^^^^^^^^
  61 |       </div>
  62 |
  63 |       <RevealOnView>

Expected '</', got 'jsx text'

Import trace:
  Server Component:
    ./components/content/FaqPageContent.tsx
    ./app/faq/page.tsx @ http://127.0.0.1:3000/_next/static/chunks/node_modules_next_dist_f3530cac._.js:3127
[   15527ms] [ERROR] ./components/content/FaqPageContent.tsx:59:17
Parsing ecmascript source code failed
  57 |               }}
  58 |             />
> 59 |           </div>
     |                 ^
> 60 |         </section>
     | ^^^^^^^^^
  61 |       </div>
  62 |
  63 |       <RevealOnView>

Expected '</', got 'jsx text'

Import trace:
  Server Component:
    ./components/content/FaqPageContent.tsx
    ./app/faq/page.tsx @ http://127.0.0.1:3000/_next/static/chunks/node_modules_next_dist_f3530cac._.js:3127
[   15591ms] [ERROR] ./components/content/FaqPageContent.tsx:59:17
Parsing ecmascript source code failed
  57 |               }}
  58 |             />
> 59 |           </div>
     |                 ^
> 60 |         </section>
     | ^^^^^^^^^
  61 |       </div>
  62 |
  63 |       <RevealOnView>

Expected '</', got 'jsx text'

Import trace:
  Server Component:
    ./components/content/FaqPageContent.tsx
    ./app/faq/page.tsx @ http://127.0.0.1:3000/_next/static/chunks/node_modules_next_dist_f3530cac._.js:3127
[   15638ms] [ERROR] ./components/content/FaqPageContent.tsx:59:17
Parsing ecmascript source code failed
  57 |               }}
  58 |             />
> 59 |           </div>
     |                 ^
> 60 |         </section>
     | ^^^^^^^^^
  61 |       </div>
  62 |
  63 |       <RevealOnView>

Expected '</', got 'jsx text'

Import trace:
  Server Component:
    ./components/content/FaqPageContent.tsx
    ./app/faq/page.tsx @ http://127.0.0.1:3000/_next/static/chunks/node_modules_next_dist_f3530cac._.js:3127
[   15698ms] [ERROR] ./components/content/FaqPageContent.tsx:59:17
Parsing ecmascript source code failed
  57 |               }}
  58 |             />
> 59 |           </div>
     |                 ^
> 60 |         </section>
     | ^^^^^^^^^
  61 |       </div>
  62 |
  63 |       <RevealOnView>

Expected '</', got 'jsx text'

Import trace:
  Server Component:
    ./components/content/FaqPageContent.tsx
    ./app/faq/page.tsx @ http://127.0.0.1:3000/_next/static/chunks/node_modules_next_dist_f3530cac._.js:3127
[   15751ms] [ERROR] ./components/content/FaqPageContent.tsx:59:17
Parsing ecmascript source code failed
  57 |               }}
  58 |             />
> 59 |           </div>
     |                 ^
> 60 |         </section>
     | ^^^^^^^^^
  61 |       </div>
  62 |
  63 |       <RevealOnView>

Expected '</', got 'jsx text'

Import trace:
  Server Component:
    ./components/content/FaqPageContent.tsx
    ./app/faq/page.tsx @ http://127.0.0.1:3000/_next/static/chunks/node_modules_next_dist_f3530cac._.js:3127
[   15797ms] [ERROR] ./components/content/FaqPageContent.tsx:59:17
Parsing ecmascript source code failed
  57 |               }}
  58 |             />
> 59 |           </div>
     |                 ^
> 60 |         </section>
     | ^^^^^^^^^
  61 |       </div>
  62 |
  63 |       <RevealOnView>

Expected '</', got 'jsx text'

Import trace:
  Server Component:
    ./components/content/FaqPageContent.tsx
    ./app/faq/page.tsx @ http://127.0.0.1:3000/_next/static/chunks/node_modules_next_dist_f3530cac._.js:3127
[   15849ms] [ERROR] ./components/content/FaqPageContent.tsx:59:17
Parsing ecmascript source code failed
  57 |               }}
  58 |             />
> 59 |           </div>
     |                 ^
> 60 |         </section>
     | ^^^^^^^^^
  61 |       </div>
  62 |
  63 |       <RevealOnView>

Expected '</', got 'jsx text'

Import trace:
  Server Component:
    ./components/content/FaqPageContent.tsx
    ./app/faq/page.tsx @ http://127.0.0.1:3000/_next/static/chunks/node_modules_next_dist_f3530cac._.js:3127
[   15900ms] [ERROR] ./components/content/FaqPageContent.tsx:59:17
Parsing ecmascript source code failed
  57 |               }}
  58 |             />
> 59 |           </div>
     |                 ^
> 60 |         </section>
     | ^^^^^^^^^
  61 |       </div>
  62 |
  63 |       <RevealOnView>

Expected '</', got 'jsx text'

Import trace:
  Server Component:
    ./components/content/FaqPageContent.tsx
    ./app/faq/page.tsx @ http://127.0.0.1:3000/_next/static/chunks/node_modules_next_dist_f3530cac._.js:3127
[   15956ms] [ERROR] ./components/content/FaqPageContent.tsx:59:17
Parsing ecmascript source code failed
  57 |               }}
  58 |             />
> 59 |           </div>
     |                 ^
> 60 |         </section>
     | ^^^^^^^^^
  61 |       </div>
  62 |
  63 |       <RevealOnView>

Expected '</', got 'jsx text'

Import trace:
  Server Component:
    ./components/content/FaqPageContent.tsx
    ./app/faq/page.tsx @ http://127.0.0.1:3000/_next/static/chunks/node_modules_next_dist_f3530cac._.js:3127
[   16008ms] [ERROR] ./components/content/FaqPageContent.tsx:59:17
Parsing ecmascript source code failed
  57 |               }}
  58 |             />
> 59 |           </div>
     |                 ^
> 60 |         </section>
     | ^^^^^^^^^
  61 |       </div>
  62 |
  63 |       <RevealOnView>

Expected '</', got 'jsx text'

Import trace:
  Server Component:
    ./components/content/FaqPageContent.tsx
    ./app/faq/page.tsx @ http://127.0.0.1:3000/_next/static/chunks/node_modules_next_dist_f3530cac._.js:3127
[   16058ms] [ERROR] ./components/content/FaqPageContent.tsx:59:17
Parsing ecmascript source code failed
  57 |               }}
  58 |             />
> 59 |           </div>
     |                 ^
> 60 |         </section>
     | ^^^^^^^^^
  61 |       </div>
  62 |
  63 |       <RevealOnView>

Expected '</', got 'jsx text'

Import trace:
  Server Component:
    ./components/content/FaqPageContent.tsx
    ./app/faq/page.tsx @ http://127.0.0.1:3000/_next/static/chunks/node_modules_next_dist_f3530cac._.js:3127
[   16111ms] [ERROR] ./components/content/FaqPageContent.tsx:59:17
Parsing ecmascript source code failed
  57 |               }}
  58 |             />
> 59 |           </div>
     |                 ^
> 60 |         </section>
     | ^^^^^^^^^
  61 |       </div>
  62 |
  63 |       <RevealOnView>

Expected '</', got 'jsx text'

Import trace:
  Server Component:
    ./components/content/FaqPageContent.tsx
    ./app/faq/page.tsx @ http://127.0.0.1:3000/_next/static/chunks/node_modules_next_dist_f3530cac._.js:3127
[   16170ms] [ERROR] ./components/content/FaqPageContent.tsx:59:17
Parsing ecmascript source code failed
  57 |               }}
  58 |             />
> 59 |           </div>
     |                 ^
> 60 |         </section>
     | ^^^^^^^^^
  61 |       </div>
  62 |
  63 |       <RevealOnView>

Expected '</', got 'jsx text'

Import trace:
  Server Component:
    ./components/content/FaqPageContent.tsx
    ./app/faq/page.tsx @ http://127.0.0.1:3000/_next/static/chunks/node_modules_next_dist_f3530cac._.js:3127
[   16224ms] [ERROR] ./components/content/FaqPageContent.tsx:59:17
Parsing ecmascript source code failed
  57 |               }}
  58 |             />
> 59 |           </div>
     |                 ^
> 60 |         </section>
     | ^^^^^^^^^
  61 |       </div>
  62 |
  63 |       <RevealOnView>

Expected '</', got 'jsx text'

Import trace:
  Server Component:
    ./components/content/FaqPageContent.tsx
    ./app/faq/page.tsx @ http://127.0.0.1:3000/_next/static/chunks/node_modules_next_dist_f3530cac._.js:3127
[   16275ms] [ERROR] ./components/content/FaqPageContent.tsx:59:17
Parsing ecmascript source code failed
  57 |               }}
  58 |             />
> 59 |           </div>
     |                 ^
> 60 |         </section>
     | ^^^^^^^^^
  61 |       </div>
  62 |
  63 |       <RevealOnView>

Expected '</', got 'jsx text'

Import trace:
  Server Component:
    ./components/content/FaqPageContent.tsx
    ./app/faq/page.tsx @ http://127.0.0.1:3000/_next/static/chunks/node_modules_next_dist_f3530cac._.js:3127
[   16326ms] [ERROR] ./components/content/FaqPageContent.tsx:59:17
Parsing ecmascript source code failed
  57 |               }}
  58 |             />
> 59 |           </div>
     |                 ^
> 60 |         </section>
     | ^^^^^^^^^
  61 |       </div>
  62 |
  63 |       <RevealOnView>

Expected '</', got 'jsx text'

Import trace:
  Server Component:
    ./components/content/FaqPageContent.tsx
    ./app/faq/page.tsx @ http://127.0.0.1:3000/_next/static/chunks/node_modules_next_dist_f3530cac._.js:3127
[   16377ms] [ERROR] ./components/content/FaqPageContent.tsx:59:17
Parsing ecmascript source code failed
  57 |               }}
  58 |             />
> 59 |           </div>
     |                 ^
> 60 |         </section>
     | ^^^^^^^^^
  61 |       </div>
  62 |
  63 |       <RevealOnView>

Expected '</', got 'jsx text'

Import trace:
  Server Component:
    ./components/content/FaqPageContent.tsx
    ./app/faq/page.tsx @ http://127.0.0.1:3000/_next/static/chunks/node_modules_next_dist_f3530cac._.js:3127
[   16428ms] [ERROR] ./components/content/FaqPageContent.tsx:59:17
Parsing ecmascript source code failed
  57 |               }}
  58 |             />
> 59 |           </div>
     |                 ^
> 60 |         </section>
     | ^^^^^^^^^
  61 |       </div>
  62 |
  63 |       <RevealOnView>

Expected '</', got 'jsx text'

Import trace:
  Server Component:
    ./components/content/FaqPageContent.tsx
    ./app/faq/page.tsx @ http://127.0.0.1:3000/_next/static/chunks/node_modules_next_dist_f3530cac._.js:3127
[   16478ms] [ERROR] ./components/content/FaqPageContent.tsx:59:17
Parsing ecmascript source code failed
  57 |               }}
  58 |             />
> 59 |           </div>
     |                 ^
> 60 |         </section>
     | ^^^^^^^^^
  61 |       </div>
  62 |
  63 |       <RevealOnView>

Expected '</', got 'jsx text'

Import trace:
  Server Component:
    ./components/content/FaqPageContent.tsx
    ./app/faq/page.tsx @ http://127.0.0.1:3000/_next/static/chunks/node_modules_next_dist_f3530cac._.js:3127
[   16530ms] [ERROR] ./components/content/FaqPageContent.tsx:59:17
Parsing ecmascript source code failed
  57 |               }}
  58 |             />
> 59 |           </div>
     |                 ^
> 60 |         </section>
     | ^^^^^^^^^
  61 |       </div>
  62 |
  63 |       <RevealOnView>

Expected '</', got 'jsx text'

Import trace:
  Server Component:
    ./components/content/FaqPageContent.tsx
    ./app/faq/page.tsx @ http://127.0.0.1:3000/_next/static/chunks/node_modules_next_dist_f3530cac._.js:3127
[   16583ms] [ERROR] ./components/content/FaqPageContent.tsx:59:17
Parsing ecmascript source code failed
  57 |               }}
  58 |             />
> 59 |           </div>
     |                 ^
> 60 |         </section>
     | ^^^^^^^^^
  61 |       </div>
  62 |
  63 |       <RevealOnView>

Expected '</', got 'jsx text'

Import trace:
  Server Component:
    ./components/content/FaqPageContent.tsx
    ./app/faq/page.tsx @ http://127.0.0.1:3000/_next/static/chunks/node_modules_next_dist_f3530cac._.js:3127
[   16633ms] [ERROR] ./components/content/FaqPageContent.tsx:59:17
Parsing ecmascript source code failed
  57 |               }}
  58 |             />
> 59 |           </div>
     |                 ^
> 60 |         </section>
     | ^^^^^^^^^
  61 |       </div>
  62 |
  63 |       <RevealOnView>

Expected '</', got 'jsx text'

Import trace:
  Server Component:
    ./components/content/FaqPageContent.tsx
    ./app/faq/page.tsx @ http://127.0.0.1:3000/_next/static/chunks/node_modules_next_dist_f3530cac._.js:3127
[   16685ms] [ERROR] ./components/content/FaqPageContent.tsx:59:17
Parsing ecmascript source code failed
  57 |               }}
  58 |             />
> 59 |           </div>
     |                 ^
> 60 |         </section>
     | ^^^^^^^^^
  61 |       </div>
  62 |
  63 |       <RevealOnView>

Expected '</', got 'jsx text'

Import trace:
  Server Component:
    ./components/content/FaqPageContent.tsx
    ./app/faq/page.tsx @ http://127.0.0.1:3000/_next/static/chunks/node_modules_next_dist_f3530cac._.js:3127
[   16736ms] [ERROR] ./components/content/FaqPageContent.tsx:59:17
Parsing ecmascript source code failed
  57 |               }}
  58 |             />
> 59 |           </div>
     |                 ^
> 60 |         </section>
     | ^^^^^^^^^
  61 |       </div>
  62 |
  63 |       <RevealOnView>

Expected '</', got 'jsx text'

Import trace:
  Server Component:
    ./components/content/FaqPageContent.tsx
    ./app/faq/page.tsx @ http://127.0.0.1:3000/_next/static/chunks/node_modules_next_dist_f3530cac._.js:3127
[   16788ms] [ERROR] ./components/content/FaqPageContent.tsx:59:17
Parsing ecmascript source code failed
  57 |               }}
  58 |             />
> 59 |           </div>
     |                 ^
> 60 |         </section>
     | ^^^^^^^^^
  61 |       </div>
  62 |
  63 |       <RevealOnView>

Expected '</', got 'jsx text'

Import trace:
  Server Component:
    ./components/content/FaqPageContent.tsx
    ./app/faq/page.tsx @ http://127.0.0.1:3000/_next/static/chunks/node_modules_next_dist_f3530cac._.js:3127
[   16841ms] [ERROR] ./components/content/FaqPageContent.tsx:59:17
Parsing ecmascript source code failed
  57 |               }}
  58 |             />
> 59 |           </div>
     |                 ^
> 60 |         </section>
     | ^^^^^^^^^
  61 |       </div>
  62 |
  63 |       <RevealOnView>

Expected '</', got 'jsx text'

Import trace:
  Server Component:
    ./components/content/FaqPageContent.tsx
    ./app/faq/page.tsx @ http://127.0.0.1:3000/_next/static/chunks/node_modules_next_dist_f3530cac._.js:3127
[   16894ms] [ERROR] ./components/content/FaqPageContent.tsx:59:17
Parsing ecmascript source code failed
  57 |               }}
  58 |             />
> 59 |           </div>
     |                 ^
> 60 |         </section>
     | ^^^^^^^^^
  61 |       </div>
  62 |
  63 |       <RevealOnView>

Expected '</', got 'jsx text'

Import trace:
  Server Component:
    ./components/content/FaqPageContent.tsx
    ./app/faq/page.tsx @ http://127.0.0.1:3000/_next/static/chunks/node_modules_next_dist_f3530cac._.js:3127
[   16948ms] [ERROR] ./components/content/FaqPageContent.tsx:59:17
Parsing ecmascript source code failed
  57 |               }}
  58 |             />
> 59 |           </div>
     |                 ^
> 60 |         </section>
     | ^^^^^^^^^
  61 |       </div>
  62 |
  63 |       <RevealOnView>

Expected '</', got 'jsx text'

Import trace:
  Server Component:
    ./components/content/FaqPageContent.tsx
    ./app/faq/page.tsx @ http://127.0.0.1:3000/_next/static/chunks/node_modules_next_dist_f3530cac._.js:3127
[   17000ms] [ERROR] ./components/content/FaqPageContent.tsx:59:17
Parsing ecmascript source code failed
  57 |               }}
  58 |             />
> 59 |           </div>
     |                 ^
> 60 |         </section>
     | ^^^^^^^^^
  61 |       </div>
  62 |
  63 |       <RevealOnView>

Expected '</', got 'jsx text'

Import trace:
  Server Component:
    ./components/content/FaqPageContent.tsx
    ./app/faq/page.tsx @ http://127.0.0.1:3000/_next/static/chunks/node_modules_next_dist_f3530cac._.js:3127
[   17055ms] [ERROR] ./components/content/FaqPageContent.tsx:59:17
Parsing ecmascript source code failed
  57 |               }}
  58 |             />
> 59 |           </div>
     |                 ^
> 60 |         </section>
     | ^^^^^^^^^
  61 |       </div>
  62 |
  63 |       <RevealOnView>

Expected '</', got 'jsx text'

Import trace:
  Server Component:
    ./components/content/FaqPageContent.tsx
    ./app/faq/page.tsx @ http://127.0.0.1:3000/_next/static/chunks/node_modules_next_dist_f3530cac._.js:3127
[   17098ms] [ERROR] ./components/content/FaqPageContent.tsx:59:17
Parsing ecmascript source code failed
  57 |               }}
  58 |             />
> 59 |           </div>
     |                 ^
> 60 |         </section>
     | ^^^^^^^^^
  61 |       </div>
  62 |
  63 |       <RevealOnView>

Expected '</', got 'jsx text'

Import trace:
  Server Component:
    ./components/content/FaqPageContent.tsx
    ./app/faq/page.tsx @ http://127.0.0.1:3000/_next/static/chunks/node_modules_next_dist_f3530cac._.js:3127
[   17148ms] [ERROR] ./components/content/FaqPageContent.tsx:59:17
Parsing ecmascript source code failed
  57 |               }}
  58 |             />
> 59 |           </div>
     |                 ^
> 60 |         </section>
     | ^^^^^^^^^
  61 |       </div>
  62 |
  63 |       <RevealOnView>

Expected '</', got 'jsx text'

Import trace:
  Server Component:
    ./components/content/FaqPageContent.tsx
    ./app/faq/page.tsx @ http://127.0.0.1:3000/_next/static/chunks/node_modules_next_dist_f3530cac._.js:3127
[   17201ms] [ERROR] ./components/content/FaqPageContent.tsx:59:17
Parsing ecmascript source code failed
  57 |               }}
  58 |             />
> 59 |           </div>
     |                 ^
> 60 |         </section>
     | ^^^^^^^^^
  61 |       </div>
  62 |
  63 |       <RevealOnView>

Expected '</', got 'jsx text'

Import trace:
  Server Component:
    ./components/content/FaqPageContent.tsx
    ./app/faq/page.tsx @ http://127.0.0.1:3000/_next/static/chunks/node_modules_next_dist_f3530cac._.js:3127
[   17254ms] [ERROR] ./components/content/FaqPageContent.tsx:59:17
Parsing ecmascript source code failed
  57 |               }}
  58 |             />
> 59 |           </div>
     |                 ^
> 60 |         </section>
     | ^^^^^^^^^
  61 |       </div>
  62 |
  63 |       <RevealOnView>

Expected '</', got 'jsx text'

Import trace:
  Server Component:
    ./components/content/FaqPageContent.tsx
    ./app/faq/page.tsx @ http://127.0.0.1:3000/_next/static/chunks/node_modules_next_dist_f3530cac._.js:3127
[   17306ms] [ERROR] ./components/content/FaqPageContent.tsx:59:17
Parsing ecmascript source code failed
  57 |               }}
  58 |             />
> 59 |           </div>
     |                 ^
> 60 |         </section>
     | ^^^^^^^^^
  61 |       </div>
  62 |
  63 |       <RevealOnView>

Expected '</', got 'jsx text'

Import trace:
  Server Component:
    ./components/content/FaqPageContent.tsx
    ./app/faq/page.tsx @ http://127.0.0.1:3000/_next/static/chunks/node_modules_next_dist_f3530cac._.js:3127
[   17359ms] [ERROR] ./components/content/FaqPageContent.tsx:59:17
Parsing ecmascript source code failed
  57 |               }}
  58 |             />
> 59 |           </div>
     |                 ^
> 60 |         </section>
     | ^^^^^^^^^
  61 |       </div>
  62 |
  63 |       <RevealOnView>

Expected '</', got 'jsx text'

Import trace:
  Server Component:
    ./components/content/FaqPageContent.tsx
    ./app/faq/page.tsx @ http://127.0.0.1:3000/_next/static/chunks/node_modules_next_dist_f3530cac._.js:3127
[   17411ms] [ERROR] ./components/content/FaqPageContent.tsx:59:17
Parsing ecmascript source code failed
  57 |               }}
  58 |             />
> 59 |           </div>
     |                 ^
> 60 |         </section>
     | ^^^^^^^^^
  61 |       </div>
  62 |
  63 |       <RevealOnView>

Expected '</', got 'jsx text'

Import trace:
  Server Component:
    ./components/content/FaqPageContent.tsx
    ./app/faq/page.tsx @ http://127.0.0.1:3000/_next/static/chunks/node_modules_next_dist_f3530cac._.js:3127
[   17462ms] [ERROR] ./components/content/FaqPageContent.tsx:59:17
Parsing ecmascript source code failed
  57 |               }}
  58 |             />
> 59 |           </div>
     |                 ^
> 60 |         </section>
     | ^^^^^^^^^
  61 |       </div>
  62 |
  63 |       <RevealOnView>

Expected '</', got 'jsx text'

Import trace:
  Server Component:
    ./components/content/FaqPageContent.tsx
    ./app/faq/page.tsx @ http://127.0.0.1:3000/_next/static/chunks/node_modules_next_dist_f3530cac._.js:3127
[   17515ms] [ERROR] ./components/content/FaqPageContent.tsx:59:17
Parsing ecmascript source code failed
  57 |               }}
  58 |             />
> 59 |           </div>
     |                 ^
> 60 |         </section>
     | ^^^^^^^^^
  61 |       </div>
  62 |
  63 |       <RevealOnView>

Expected '</', got 'jsx text'

Import trace:
  Server Component:
    ./components/content/FaqPageContent.tsx
    ./app/faq/page.tsx @ http://127.0.0.1:3000/_next/static/chunks/node_modules_next_dist_f3530cac._.js:3127
[   17573ms] [ERROR] ./components/content/FaqPageContent.tsx:59:17
Parsing ecmascript source code failed
  57 |               }}
  58 |             />
> 59 |           </div>
     |                 ^
> 60 |         </section>
     | ^^^^^^^^^
  61 |       </div>
  62 |
  63 |       <RevealOnView>

Expected '</', got 'jsx text'

Import trace:
  Server Component:
    ./components/content/FaqPageContent.tsx
    ./app/faq/page.tsx @ http://127.0.0.1:3000/_next/static/chunks/node_modules_next_dist_f3530cac._.js:3127
[   17632ms] [ERROR] ./components/content/FaqPageContent.tsx:59:17
Parsing ecmascript source code failed
  57 |               }}
  58 |             />
> 59 |           </div>
     |                 ^
> 60 |         </section>
     | ^^^^^^^^^
  61 |       </div>
  62 |
  63 |       <RevealOnView>

Expected '</', got 'jsx text'

Import trace:
  Server Component:
    ./components/content/FaqPageContent.tsx
    ./app/faq/page.tsx @ http://127.0.0.1:3000/_next/static/chunks/node_modules_next_dist_f3530cac._.js:3127
[   17685ms] [ERROR] ./components/content/FaqPageContent.tsx:59:17
Parsing ecmascript source code failed
  57 |               }}
  58 |             />
> 59 |           </div>
     |                 ^
> 60 |         </section>
     | ^^^^^^^^^
  61 |       </div>
  62 |
  63 |       <RevealOnView>

Expected '</', got 'jsx text'

Import trace:
  Server Component:
    ./components/content/FaqPageContent.tsx
    ./app/faq/page.tsx @ http://127.0.0.1:3000/_next/static/chunks/node_modules_next_dist_f3530cac._.js:3127
[   17737ms] [ERROR] ./components/content/FaqPageContent.tsx:59:17
Parsing ecmascript source code failed
  57 |               }}
  58 |             />
> 59 |           </div>
     |                 ^
> 60 |         </section>
     | ^^^^^^^^^
  61 |       </div>
  62 |
  63 |       <RevealOnView>

Expected '</', got 'jsx text'

Import trace:
  Server Component:
    ./components/content/FaqPageContent.tsx
    ./app/faq/page.tsx @ http://127.0.0.1:3000/_next/static/chunks/node_modules_next_dist_f3530cac._.js:3127
[   17788ms] [ERROR] ./components/content/FaqPageContent.tsx:59:17
Parsing ecmascript source code failed
  57 |               }}
  58 |             />
> 59 |           </div>
     |                 ^
> 60 |         </section>
     | ^^^^^^^^^
  61 |       </div>
  62 |
  63 |       <RevealOnView>

Expected '</', got 'jsx text'

Import trace:
  Server Component:
    ./components/content/FaqPageContent.tsx
    ./app/faq/page.tsx @ http://127.0.0.1:3000/_next/static/chunks/node_modules_next_dist_f3530cac._.js:3127
[   17841ms] [ERROR] ./components/content/FaqPageContent.tsx:59:17
Parsing ecmascript source code failed
  57 |               }}
  58 |             />
> 59 |           </div>
     |                 ^
> 60 |         </section>
     | ^^^^^^^^^
  61 |       </div>
  62 |
  63 |       <RevealOnView>

Expected '</', got 'jsx text'

Import trace:
  Server Component:
    ./components/content/FaqPageContent.tsx
    ./app/faq/page.tsx @ http://127.0.0.1:3000/_next/static/chunks/node_modules_next_dist_f3530cac._.js:3127
[   17892ms] [ERROR] ./components/content/FaqPageContent.tsx:59:17
Parsing ecmascript source code failed
  57 |               }}
  58 |             />
> 59 |           </div>
     |                 ^
> 60 |         </section>
     | ^^^^^^^^^
  61 |       </div>
  62 |
  63 |       <RevealOnView>

Expected '</', got 'jsx text'

Import trace:
  Server Component:
    ./components/content/FaqPageContent.tsx
    ./app/faq/page.tsx @ http://127.0.0.1:3000/_next/static/chunks/node_modules_next_dist_f3530cac._.js:3127
[   17944ms] [ERROR] ./components/content/FaqPageContent.tsx:59:17
Parsing ecmascript source code failed
  57 |               }}
  58 |             />
> 59 |           </div>
     |                 ^
> 60 |         </section>
     | ^^^^^^^^^
  61 |       </div>
  62 |
  63 |       <RevealOnView>

Expected '</', got 'jsx text'

Import trace:
  Server Component:
    ./components/content/FaqPageContent.tsx
    ./app/faq/page.tsx @ http://127.0.0.1:3000/_next/static/chunks/node_modules_next_dist_f3530cac._.js:3127
[   17993ms] [ERROR] ./components/content/FaqPageContent.tsx:59:17
Parsing ecmascript source code failed
  57 |               }}
  58 |             />
> 59 |           </div>
     |                 ^
> 60 |         </section>
     | ^^^^^^^^^
  61 |       </div>
  62 |
  63 |       <RevealOnView>

Expected '</', got 'jsx text'

Import trace:
  Server Component:
    ./components/content/FaqPageContent.tsx
    ./app/faq/page.tsx @ http://127.0.0.1:3000/_next/static/chunks/node_modules_next_dist_f3530cac._.js:3127
[   18033ms] [ERROR] ./components/content/FaqPageContent.tsx:59:17
Parsing ecmascript source code failed
  57 |               }}
  58 |             />
> 59 |           </div>
     |                 ^
> 60 |         </section>
     | ^^^^^^^^^
  61 |       </div>
  62 |
  63 |       <RevealOnView>

Expected '</', got 'jsx text'

Import trace:
  Server Component:
    ./components/content/FaqPageContent.tsx
    ./app/faq/page.tsx @ http://127.0.0.1:3000/_next/static/chunks/node_modules_next_dist_f3530cac._.js:3127
[   18074ms] [ERROR] ./components/content/FaqPageContent.tsx:59:17
Parsing ecmascript source code failed
  57 |               }}
  58 |             />
> 59 |           </div>
     |                 ^
> 60 |         </section>
     | ^^^^^^^^^
  61 |       </div>
  62 |
  63 |       <RevealOnView>

Expected '</', got 'jsx text'

Import trace:
  Server Component:
    ./components/content/FaqPageContent.tsx
    ./app/faq/page.tsx @ http://127.0.0.1:3000/_next/static/chunks/node_modules_next_dist_f3530cac._.js:3127
[   18117ms] [ERROR] ./components/content/FaqPageContent.tsx:59:17
Parsing ecmascript source code failed
  57 |               }}
  58 |             />
> 59 |           </div>
     |                 ^
> 60 |         </section>
     | ^^^^^^^^^
  61 |       </div>
  62 |
  63 |       <RevealOnView>

Expected '</', got 'jsx text'

Import trace:
  Server Component:
    ./components/content/FaqPageContent.tsx
    ./app/faq/page.tsx @ http://127.0.0.1:3000/_next/static/chunks/node_modules_next_dist_f3530cac._.js:3127
[   18160ms] [ERROR] ./components/content/FaqPageContent.tsx:59:17
Parsing ecmascript source code failed
  57 |               }}
  58 |             />
> 59 |           </div>
     |                 ^
> 60 |         </section>
     | ^^^^^^^^^
  61 |       </div>
  62 |
  63 |       <RevealOnView>

Expected '</', got 'jsx text'

Import trace:
  Server Component:
    ./components/content/FaqPageContent.tsx
    ./app/faq/page.tsx @ http://127.0.0.1:3000/_next/static/chunks/node_modules_next_dist_f3530cac._.js:3127
[   18201ms] [ERROR] ./components/content/FaqPageContent.tsx:59:17
Parsing ecmascript source code failed
  57 |               }}
  58 |             />
> 59 |           </div>
     |                 ^
> 60 |         </section>
     | ^^^^^^^^^
  61 |       </div>
  62 |
  63 |       <RevealOnView>

Expected '</', got 'jsx text'

Import trace:
  Server Component:
    ./components/content/FaqPageContent.tsx
    ./app/faq/page.tsx @ http://127.0.0.1:3000/_next/static/chunks/node_modules_next_dist_f3530cac._.js:3127
[   18242ms] [ERROR] ./components/content/FaqPageContent.tsx:59:17
Parsing ecmascript source code failed
  57 |               }}
  58 |             />
> 59 |           </div>
     |                 ^
> 60 |         </section>
     | ^^^^^^^^^
  61 |       </div>
  62 |
  63 |       <RevealOnView>

Expected '</', got 'jsx text'

Import trace:
  Server Component:
    ./components/content/FaqPageContent.tsx
    ./app/faq/page.tsx @ http://127.0.0.1:3000/_next/static/chunks/node_modules_next_dist_f3530cac._.js:3127
[   18285ms] [ERROR] ./components/content/FaqPageContent.tsx:59:17
Parsing ecmascript source code failed
  57 |               }}
  58 |             />
> 59 |           </div>
     |                 ^
> 60 |         </section>
     | ^^^^^^^^^
  61 |       </div>
  62 |
  63 |       <RevealOnView>

Expected '</', got 'jsx text'

Import trace:
  Server Component:
    ./components/content/FaqPageContent.tsx
    ./app/faq/page.tsx @ http://127.0.0.1:3000/_next/static/chunks/node_modules_next_dist_f3530cac._.js:3127
[   18338ms] [ERROR] ./components/content/FaqPageContent.tsx:59:17
Parsing ecmascript source code failed
  57 |               }}
  58 |             />
> 59 |           </div>
     |                 ^
> 60 |         </section>
     | ^^^^^^^^^
  61 |       </div>
  62 |
  63 |       <RevealOnView>

Expected '</', got 'jsx text'

Import trace:
  Server Component:
    ./components/content/FaqPageContent.tsx
    ./app/faq/page.tsx @ http://127.0.0.1:3000/_next/static/chunks/node_modules_next_dist_f3530cac._.js:3127
[   18389ms] [ERROR] ./components/content/FaqPageContent.tsx:59:17
Parsing ecmascript source code failed
  57 |               }}
  58 |             />
> 59 |           </div>
     |                 ^
> 60 |         </section>
     | ^^^^^^^^^
  61 |       </div>
  62 |
  63 |       <RevealOnView>

Expected '</', got 'jsx text'

Import trace:
  Server Component:
    ./components/content/FaqPageContent.tsx
    ./app/faq/page.tsx @ http://127.0.0.1:3000/_next/static/chunks/node_modules_next_dist_f3530cac._.js:3127
[   18441ms] [ERROR] ./components/content/FaqPageContent.tsx:59:17
Parsing ecmascript source code failed
  57 |               }}
  58 |             />
> 59 |           </div>
     |                 ^
> 60 |         </section>
     | ^^^^^^^^^
  61 |       </div>
  62 |
  63 |       <RevealOnView>

Expected '</', got 'jsx text'

Import trace:
  Server Component:
    ./components/content/FaqPageContent.tsx
    ./app/faq/page.tsx @ http://127.0.0.1:3000/_next/static/chunks/node_modules_next_dist_f3530cac._.js:3127
[   18484ms] [ERROR] ./components/content/FaqPageContent.tsx:59:17
Parsing ecmascript source code failed
  57 |               }}
  58 |             />
> 59 |           </div>
     |                 ^
> 60 |         </section>
     | ^^^^^^^^^
  61 |       </div>
  62 |
  63 |       <RevealOnView>

Expected '</', got 'jsx text'

Import trace:
  Server Component:
    ./components/content/FaqPageContent.tsx
    ./app/faq/page.tsx @ http://127.0.0.1:3000/_next/static/chunks/node_modules_next_dist_f3530cac._.js:3127
[   18530ms] [ERROR] ./components/content/FaqPageContent.tsx:59:17
Parsing ecmascript source code failed
  57 |               }}
  58 |             />
> 59 |           </div>
     |                 ^
> 60 |         </section>
     | ^^^^^^^^^
  61 |       </div>
  62 |
  63 |       <RevealOnView>

Expected '</', got 'jsx text'

Import trace:
  Server Component:
    ./components/content/FaqPageContent.tsx
    ./app/faq/page.tsx @ http://127.0.0.1:3000/_next/static/chunks/node_modules_next_dist_f3530cac._.js:3127
[   18582ms] [ERROR] ./components/content/FaqPageContent.tsx:59:17
Parsing ecmascript source code failed
  57 |               }}
  58 |             />
> 59 |           </div>
     |                 ^
> 60 |         </section>
     | ^^^^^^^^^
  61 |       </div>
  62 |
  63 |       <RevealOnView>

Expected '</', got 'jsx text'

Import trace:
  Server Component:
    ./components/content/FaqPageContent.tsx
    ./app/faq/page.tsx @ http://127.0.0.1:3000/_next/static/chunks/node_modules_next_dist_f3530cac._.js:3127
[   18635ms] [ERROR] ./components/content/FaqPageContent.tsx:59:17
Parsing ecmascript source code failed
  57 |               }}
  58 |             />
> 59 |           </div>
     |                 ^
> 60 |         </section>
     | ^^^^^^^^^
  61 |       </div>
  62 |
  63 |       <RevealOnView>

Expected '</', got 'jsx text'

Import trace:
  Server Component:
    ./components/content/FaqPageContent.tsx
    ./app/faq/page.tsx @ http://127.0.0.1:3000/_next/static/chunks/node_modules_next_dist_f3530cac._.js:3127
[   18676ms] [ERROR] ./components/content/FaqPageContent.tsx:59:17
Parsing ecmascript source code failed
  57 |               }}
  58 |             />
> 59 |           </div>
     |                 ^
> 60 |         </section>
     | ^^^^^^^^^
  61 |       </div>
  62 |
  63 |       <RevealOnView>

Expected '</', got 'jsx text'

Import trace:
  Server Component:
    ./components/content/FaqPageContent.tsx
    ./app/faq/page.tsx @ http://127.0.0.1:3000/_next/static/chunks/node_modules_next_dist_f3530cac._.js:3127
[   18722ms] [ERROR] ./components/content/FaqPageContent.tsx:59:17
Parsing ecmascript source code failed
  57 |               }}
  58 |             />
> 59 |           </div>
     |                 ^
> 60 |         </section>
     | ^^^^^^^^^
  61 |       </div>
  62 |
  63 |       <RevealOnView>

Expected '</', got 'jsx text'

Import trace:
  Server Component:
    ./components/content/FaqPageContent.tsx
    ./app/faq/page.tsx @ http://127.0.0.1:3000/_next/static/chunks/node_modules_next_dist_f3530cac._.js:3127
[   18766ms] [ERROR] ./components/content/FaqPageContent.tsx:59:17
Parsing ecmascript source code failed
  57 |               }}
  58 |             />
> 59 |           </div>
     |                 ^
> 60 |         </section>
     | ^^^^^^^^^
  61 |       </div>
  62 |
  63 |       <RevealOnView>

Expected '</', got 'jsx text'

Import trace:
  Server Component:
    ./components/content/FaqPageContent.tsx
    ./app/faq/page.tsx @ http://127.0.0.1:3000/_next/static/chunks/node_modules_next_dist_f3530cac._.js:3127
[   18810ms] [ERROR] ./components/content/FaqPageContent.tsx:59:17
Parsing ecmascript source code failed
  57 |               }}
  58 |             />
> 59 |           </div>
     |                 ^
> 60 |         </section>
     | ^^^^^^^^^
  61 |       </div>
  62 |
  63 |       <RevealOnView>

Expected '</', got 'jsx text'

Import trace:
  Server Component:
    ./components/content/FaqPageContent.tsx
    ./app/faq/page.tsx @ http://127.0.0.1:3000/_next/static/chunks/node_modules_next_dist_f3530cac._.js:3127
[   18862ms] [ERROR] ./components/content/FaqPageContent.tsx:59:17
Parsing ecmascript source code failed
  57 |               }}
  58 |             />
> 59 |           </div>
     |                 ^
> 60 |         </section>
     | ^^^^^^^^^
  61 |       </div>
  62 |
  63 |       <RevealOnView>

Expected '</', got 'jsx text'

Import trace:
  Server Component:
    ./components/content/FaqPageContent.tsx
    ./app/faq/page.tsx @ http://127.0.0.1:3000/_next/static/chunks/node_modules_next_dist_f3530cac._.js:3127
[   18914ms] [ERROR] ./components/content/FaqPageContent.tsx:59:17
Parsing ecmascript source code failed
  57 |               }}
  58 |             />
> 59 |           </div>
     |                 ^
> 60 |         </section>
     | ^^^^^^^^^
  61 |       </div>
  62 |
  63 |       <RevealOnView>

Expected '</', got 'jsx text'

Import trace:
  Server Component:
    ./components/content/FaqPageContent.tsx
    ./app/faq/page.tsx @ http://127.0.0.1:3000/_next/static/chunks/node_modules_next_dist_f3530cac._.js:3127
[   18959ms] [ERROR] ./components/content/FaqPageContent.tsx:59:17
Parsing ecmascript source code failed
  57 |               }}
  58 |             />
> 59 |           </div>
     |                 ^
> 60 |         </section>
     | ^^^^^^^^^
  61 |       </div>
  62 |
  63 |       <RevealOnView>

Expected '</', got 'jsx text'

Import trace:
  Server Component:
    ./components/content/FaqPageContent.tsx
    ./app/faq/page.tsx @ http://127.0.0.1:3000/_next/static/chunks/node_modules_next_dist_f3530cac._.js:3127
[   19002ms] [ERROR] ./components/content/FaqPageContent.tsx:59:17
Parsing ecmascript source code failed
  57 |               }}
  58 |             />
> 59 |           </div>
     |                 ^
> 60 |         </section>
     | ^^^^^^^^^
  61 |       </div>
  62 |
  63 |       <RevealOnView>

Expected '</', got 'jsx text'

Import trace:
  Server Component:
    ./components/content/FaqPageContent.tsx
    ./app/faq/page.tsx @ http://127.0.0.1:3000/_next/static/chunks/node_modules_next_dist_f3530cac._.js:3127
[   19053ms] [ERROR] ./components/content/FaqPageContent.tsx:59:17
Parsing ecmascript source code failed
  57 |               }}
  58 |             />
> 59 |           </div>
     |                 ^
> 60 |         </section>
     | ^^^^^^^^^
  61 |       </div>
  62 |
  63 |       <RevealOnView>

Expected '</', got 'jsx text'

Import trace:
  Server Component:
    ./components/content/FaqPageContent.tsx
    ./app/faq/page.tsx @ http://127.0.0.1:3000/_next/static/chunks/node_modules_next_dist_f3530cac._.js:3127
[   19105ms] [ERROR] ./components/content/FaqPageContent.tsx:59:17
Parsing ecmascript source code failed
  57 |               }}
  58 |             />
> 59 |           </div>
     |                 ^
> 60 |         </section>
     | ^^^^^^^^^
  61 |       </div>
  62 |
  63 |       <RevealOnView>

Expected '</', got 'jsx text'

Import trace:
  Server Component:
    ./components/content/FaqPageContent.tsx
    ./app/faq/page.tsx @ http://127.0.0.1:3000/_next/static/chunks/node_modules_next_dist_f3530cac._.js:3127
[   19158ms] [ERROR] ./components/content/FaqPageContent.tsx:59:17
Parsing ecmascript source code failed
  57 |               }}
  58 |             />
> 59 |           </div>
     |                 ^
> 60 |         </section>
     | ^^^^^^^^^
  61 |       </div>
  62 |
  63 |       <RevealOnView>

Expected '</', got 'jsx text'

Import trace:
  Server Component:
    ./components/content/FaqPageContent.tsx
    ./app/faq/page.tsx @ http://127.0.0.1:3000/_next/static/chunks/node_modules_next_dist_f3530cac._.js:3127
[   19202ms] [ERROR] ./components/content/FaqPageContent.tsx:59:17
Parsing ecmascript source code failed
  57 |               }}
  58 |             />
> 59 |           </div>
     |                 ^
> 60 |         </section>
     | ^^^^^^^^^
  61 |       </div>
  62 |
  63 |       <RevealOnView>

Expected '</', got 'jsx text'

Import trace:
  Server Component:
    ./components/content/FaqPageContent.tsx
    ./app/faq/page.tsx @ http://127.0.0.1:3000/_next/static/chunks/node_modules_next_dist_f3530cac._.js:3127
[   19258ms] [ERROR] ./components/content/FaqPageContent.tsx:59:17
Parsing ecmascript source code failed
  57 |               }}
  58 |             />
> 59 |           </div>
     |                 ^
> 60 |         </section>
     | ^^^^^^^^^
  61 |       </div>
  62 |
  63 |       <RevealOnView>

Expected '</', got 'jsx text'

Import trace:
  Server Component:
    ./components/content/FaqPageContent.tsx
    ./app/faq/page.tsx @ http://127.0.0.1:3000/_next/static/chunks/node_modules_next_dist_f3530cac._.js:3127
[   19309ms] [ERROR] ./components/content/FaqPageContent.tsx:59:17
Parsing ecmascript source code failed
  57 |               }}
  58 |             />
> 59 |           </div>
     |                 ^
> 60 |         </section>
     | ^^^^^^^^^
  61 |       </div>
  62 |
  63 |       <RevealOnView>

Expected '</', got 'jsx text'

Import trace:
  Server Component:
    ./components/content/FaqPageContent.tsx
    ./app/faq/page.tsx @ http://127.0.0.1:3000/_next/static/chunks/node_modules_next_dist_f3530cac._.js:3127
[   19357ms] [ERROR] ./components/content/FaqPageContent.tsx:59:17
Parsing ecmascript source code failed
  57 |               }}
  58 |             />
> 59 |           </div>
     |                 ^
> 60 |         </section>
     | ^^^^^^^^^
  61 |       </div>
  62 |
  63 |       <RevealOnView>

Expected '</', got 'jsx text'

Import trace:
  Server Component:
    ./components/content/FaqPageContent.tsx
    ./app/faq/page.tsx @ http://127.0.0.1:3000/_next/static/chunks/node_modules_next_dist_f3530cac._.js:3127
[   19402ms] [ERROR] ./components/content/FaqPageContent.tsx:59:17
Parsing ecmascript source code failed
  57 |               }}
  58 |             />
> 59 |           </div>
     |                 ^
> 60 |         </section>
     | ^^^^^^^^^
  61 |       </div>
  62 |
  63 |       <RevealOnView>

Expected '</', got 'jsx text'

Import trace:
  Server Component:
    ./components/content/FaqPageContent.tsx
    ./app/faq/page.tsx @ http://127.0.0.1:3000/_next/static/chunks/node_modules_next_dist_f3530cac._.js:3127
[   19445ms] [ERROR] ./components/content/FaqPageContent.tsx:59:17
Parsing ecmascript source code failed
  57 |               }}
  58 |             />
> 59 |           </div>
     |                 ^
> 60 |         </section>
     | ^^^^^^^^^
  61 |       </div>
  62 |
  63 |       <RevealOnView>

Expected '</', got 'jsx text'

Import trace:
  Server Component:
    ./components/content/FaqPageContent.tsx
    ./app/faq/page.tsx @ http://127.0.0.1:3000/_next/static/chunks/node_modules_next_dist_f3530cac._.js:3127
[   19492ms] [ERROR] ./components/content/FaqPageContent.tsx:59:17
Parsing ecmascript source code failed
  57 |               }}
  58 |             />
> 59 |           </div>
     |                 ^
> 60 |         </section>
     | ^^^^^^^^^
  61 |       </div>
  62 |
  63 |       <RevealOnView>

Expected '</', got 'jsx text'

Import trace:
  Server Component:
    ./components/content/FaqPageContent.tsx
    ./app/faq/page.tsx @ http://127.0.0.1:3000/_next/static/chunks/node_modules_next_dist_f3530cac._.js:3127
[   19545ms] [ERROR] ./components/content/FaqPageContent.tsx:59:17
Parsing ecmascript source code failed
  57 |               }}
  58 |             />
> 59 |           </div>
     |                 ^
> 60 |         </section>
     | ^^^^^^^^^
  61 |       </div>
  62 |
  63 |       <RevealOnView>

Expected '</', got 'jsx text'

Import trace:
  Server Component:
    ./components/content/FaqPageContent.tsx
    ./app/faq/page.tsx @ http://127.0.0.1:3000/_next/static/chunks/node_modules_next_dist_f3530cac._.js:3127
[   19588ms] [ERROR] ./components/content/FaqPageContent.tsx:59:17
Parsing ecmascript source code failed
  57 |               }}
  58 |             />
> 59 |           </div>
     |                 ^
> 60 |         </section>
     | ^^^^^^^^^
  61 |       </div>
  62 |
  63 |       <RevealOnView>

Expected '</', got 'jsx text'

Import trace:
  Server Component:
    ./components/content/FaqPageContent.tsx
    ./app/faq/page.tsx @ http://127.0.0.1:3000/_next/static/chunks/node_modules_next_dist_f3530cac._.js:3127
[   19641ms] [ERROR] ./components/content/FaqPageContent.tsx:59:17
Parsing ecmascript source code failed
  57 |               }}
  58 |             />
> 59 |           </div>
     |                 ^
> 60 |         </section>
     | ^^^^^^^^^
  61 |       </div>
  62 |
  63 |       <RevealOnView>

Expected '</', got 'jsx text'

Import trace:
  Server Component:
    ./components/content/FaqPageContent.tsx
    ./app/faq/page.tsx @ http://127.0.0.1:3000/_next/static/chunks/node_modules_next_dist_f3530cac._.js:3127
[   19692ms] [ERROR] ./components/content/FaqPageContent.tsx:59:17
Parsing ecmascript source code failed
  57 |               }}
  58 |             />
> 59 |           </div>
     |                 ^
> 60 |         </section>
     | ^^^^^^^^^
  61 |       </div>
  62 |
  63 |       <RevealOnView>

Expected '</', got 'jsx text'

Import trace:
  Server Component:
    ./components/content/FaqPageContent.tsx
    ./app/faq/page.tsx @ http://127.0.0.1:3000/_next/static/chunks/node_modules_next_dist_f3530cac._.js:3127
[   19742ms] [ERROR] ./components/content/FaqPageContent.tsx:59:17
Parsing ecmascript source code failed
  57 |               }}
  58 |             />
> 59 |           </div>
     |                 ^
> 60 |         </section>
     | ^^^^^^^^^
  61 |       </div>
  62 |
  63 |       <RevealOnView>

Expected '</', got 'jsx text'

Import trace:
  Server Component:
    ./components/content/FaqPageContent.tsx
    ./app/faq/page.tsx @ http://127.0.0.1:3000/_next/static/chunks/node_modules_next_dist_f3530cac._.js:3127
[   19783ms] [ERROR] ./components/content/FaqPageContent.tsx:59:17
Parsing ecmascript source code failed
  57 |               }}
  58 |             />
> 59 |           </div>
     |                 ^
> 60 |         </section>
     | ^^^^^^^^^
  61 |       </div>
  62 |
  63 |       <RevealOnView>

Expected '</', got 'jsx text'

Import trace:
  Server Component:
    ./components/content/FaqPageContent.tsx
    ./app/faq/page.tsx @ http://127.0.0.1:3000/_next/static/chunks/node_modules_next_dist_f3530cac._.js:3127
[   19834ms] [ERROR] ./components/content/FaqPageContent.tsx:59:17
Parsing ecmascript source code failed
  57 |               }}
  58 |             />
> 59 |           </div>
     |                 ^
> 60 |         </section>
     | ^^^^^^^^^
  61 |       </div>
  62 |
  63 |       <RevealOnView>

Expected '</', got 'jsx text'

Import trace:
  Server Component:
    ./components/content/FaqPageContent.tsx
    ./app/faq/page.tsx @ http://127.0.0.1:3000/_next/static/chunks/node_modules_next_dist_f3530cac._.js:3127
[   19878ms] [ERROR] ./components/content/FaqPageContent.tsx:59:17
Parsing ecmascript source code failed
  57 |               }}
  58 |             />
> 59 |           </div>
     |                 ^
> 60 |         </section>
     | ^^^^^^^^^
  61 |       </div>
  62 |
  63 |       <RevealOnView>

Expected '</', got 'jsx text'

Import trace:
  Server Component:
    ./components/content/FaqPageContent.tsx
    ./app/faq/page.tsx @ http://127.0.0.1:3000/_next/static/chunks/node_modules_next_dist_f3530cac._.js:3127
[   19920ms] [ERROR] ./components/content/FaqPageContent.tsx:59:17
Parsing ecmascript source code failed
  57 |               }}
  58 |             />
> 59 |           </div>
     |                 ^
> 60 |         </section>
     | ^^^^^^^^^
  61 |       </div>
  62 |
  63 |       <RevealOnView>

Expected '</', got 'jsx text'

Import trace:
  Server Component:
    ./components/content/FaqPageContent.tsx
    ./app/faq/page.tsx @ http://127.0.0.1:3000/_next/static/chunks/node_modules_next_dist_f3530cac._.js:3127
[   19972ms] [ERROR] ./components/content/FaqPageContent.tsx:59:17
Parsing ecmascript source code failed
  57 |               }}
  58 |             />
> 59 |           </div>
     |                 ^
> 60 |         </section>
     | ^^^^^^^^^
  61 |       </div>
  62 |
  63 |       <RevealOnView>

Expected '</', got 'jsx text'

Import trace:
  Server Component:
    ./components/content/FaqPageContent.tsx
    ./app/faq/page.tsx @ http://127.0.0.1:3000/_next/static/chunks/node_modules_next_dist_f3530cac._.js:3127
[   20025ms] [ERROR] ./components/content/FaqPageContent.tsx:59:17
Parsing ecmascript source code failed
  57 |               }}
  58 |             />
> 59 |           </div>
     |                 ^
> 60 |         </section>
     | ^^^^^^^^^
  61 |       </div>
  62 |
  63 |       <RevealOnView>

Expected '</', got 'jsx text'

Import trace:
  Server Component:
    ./components/content/FaqPageContent.tsx
    ./app/faq/page.tsx @ http://127.0.0.1:3000/_next/static/chunks/node_modules_next_dist_f3530cac._.js:3127
[   20074ms] [ERROR] ./components/content/FaqPageContent.tsx:59:17
Parsing ecmascript source code failed
  57 |               }}
  58 |             />
> 59 |           </div>
     |                 ^
> 60 |         </section>
     | ^^^^^^^^^
  61 |       </div>
  62 |
  63 |       <RevealOnView>

Expected '</', got 'jsx text'

Import trace:
  Server Component:
    ./components/content/FaqPageContent.tsx
    ./app/faq/page.tsx @ http://127.0.0.1:3000/_next/static/chunks/node_modules_next_dist_f3530cac._.js:3127
[   20127ms] [ERROR] ./components/content/FaqPageContent.tsx:59:17
Parsing ecmascript source code failed
  57 |               }}
  58 |             />
> 59 |           </div>
     |                 ^
> 60 |         </section>
     | ^^^^^^^^^
  61 |       </div>
  62 |
  63 |       <RevealOnView>

Expected '</', got 'jsx text'

Import trace:
  Server Component:
    ./components/content/FaqPageContent.tsx
    ./app/faq/page.tsx @ http://127.0.0.1:3000/_next/static/chunks/node_modules_next_dist_f3530cac._.js:3127
[   20177ms] [ERROR] ./components/content/FaqPageContent.tsx:59:17
Parsing ecmascript source code failed
  57 |               }}
  58 |             />
> 59 |           </div>
     |                 ^
> 60 |         </section>
     | ^^^^^^^^^
  61 |       </div>
  62 |
  63 |       <RevealOnView>

Expected '</', got 'jsx text'

Import trace:
  Server Component:
    ./components/content/FaqPageContent.tsx
    ./app/faq/page.tsx @ http://127.0.0.1:3000/_next/static/chunks/node_modules_next_dist_f3530cac._.js:3127
[   20228ms] [ERROR] ./components/content/FaqPageContent.tsx:59:17
Parsing ecmascript source code failed
  57 |               }}
  58 |             />
> 59 |           </div>
     |                 ^
> 60 |         </section>
     | ^^^^^^^^^
  61 |       </div>
  62 |
  63 |       <RevealOnView>

Expected '</', got 'jsx text'

Import trace:
  Server Component:
    ./components/content/FaqPageContent.tsx
    ./app/faq/page.tsx @ http://127.0.0.1:3000/_next/static/chunks/node_modules_next_dist_f3530cac._.js:3127
[   20280ms] [ERROR] ./components/content/FaqPageContent.tsx:59:17
Parsing ecmascript source code failed
  57 |               }}
  58 |             />
> 59 |           </div>
     |                 ^
> 60 |         </section>
     | ^^^^^^^^^
  61 |       </div>
  62 |
  63 |       <RevealOnView>

Expected '</', got 'jsx text'

Import trace:
  Server Component:
    ./components/content/FaqPageContent.tsx
    ./app/faq/page.tsx @ http://127.0.0.1:3000/_next/static/chunks/node_modules_next_dist_f3530cac._.js:3127
[   20326ms] [ERROR] ./components/content/FaqPageContent.tsx:59:17
Parsing ecmascript source code failed
  57 |               }}
  58 |             />
> 59 |           </div>
     |                 ^
> 60 |         </section>
     | ^^^^^^^^^
  61 |       </div>
  62 |
  63 |       <RevealOnView>

Expected '</', got 'jsx text'

Import trace:
  Server Component:
    ./components/content/FaqPageContent.tsx
    ./app/faq/page.tsx @ http://127.0.0.1:3000/_next/static/chunks/node_modules_next_dist_f3530cac._.js:3127
[   20368ms] [ERROR] ./components/content/FaqPageContent.tsx:59:17
Parsing ecmascript source code failed
  57 |               }}
  58 |             />
> 59 |           </div>
     |                 ^
> 60 |         </section>
     | ^^^^^^^^^
  61 |       </div>
  62 |
  63 |       <RevealOnView>

Expected '</', got 'jsx text'

Import trace:
  Server Component:
    ./components/content/FaqPageContent.tsx
    ./app/faq/page.tsx @ http://127.0.0.1:3000/_next/static/chunks/node_modules_next_dist_f3530cac._.js:3127
[   20419ms] [ERROR] ./components/content/FaqPageContent.tsx:59:17
Parsing ecmascript source code failed
  57 |               }}
  58 |             />
> 59 |           </div>
     |                 ^
> 60 |         </section>
     | ^^^^^^^^^
  61 |       </div>
  62 |
  63 |       <RevealOnView>

Expected '</', got 'jsx text'

Import trace:
  Server Component:
    ./components/content/FaqPageContent.tsx
    ./app/faq/page.tsx @ http://127.0.0.1:3000/_next/static/chunks/node_modules_next_dist_f3530cac._.js:3127
[   20471ms] [ERROR] ./components/content/FaqPageContent.tsx:59:17
Parsing ecmascript source code failed
  57 |               }}
  58 |             />
> 59 |           </div>
     |                 ^
> 60 |         </section>
     | ^^^^^^^^^
  61 |       </div>
  62 |
  63 |       <RevealOnView>

Expected '</', got 'jsx text'

Import trace:
  Server Component:
    ./components/content/FaqPageContent.tsx
    ./app/faq/page.tsx @ http://127.0.0.1:3000/_next/static/chunks/node_modules_next_dist_f3530cac._.js:3127
[   20523ms] [ERROR] ./components/content/FaqPageContent.tsx:59:17
Parsing ecmascript source code failed
  57 |               }}
  58 |             />
> 59 |           </div>
     |                 ^
> 60 |         </section>
     | ^^^^^^^^^
  61 |       </div>
  62 |
  63 |       <RevealOnView>

Expected '</', got 'jsx text'

Import trace:
  Server Component:
    ./components/content/FaqPageContent.tsx
    ./app/faq/page.tsx @ http://127.0.0.1:3000/_next/static/chunks/node_modules_next_dist_f3530cac._.js:3127
[   20574ms] [ERROR] ./components/content/FaqPageContent.tsx:59:17
Parsing ecmascript source code failed
  57 |               }}
  58 |             />
> 59 |           </div>
     |                 ^
> 60 |         </section>
     | ^^^^^^^^^
  61 |       </div>
  62 |
  63 |       <RevealOnView>

Expected '</', got 'jsx text'

Import trace:
  Server Component:
    ./components/content/FaqPageContent.tsx
    ./app/faq/page.tsx @ http://127.0.0.1:3000/_next/static/chunks/node_modules_next_dist_f3530cac._.js:3127
[   20618ms] [ERROR] ./components/content/FaqPageContent.tsx:59:17
Parsing ecmascript source code failed
  57 |               }}
  58 |             />
> 59 |           </div>
     |                 ^
> 60 |         </section>
     | ^^^^^^^^^
  61 |       </div>
  62 |
  63 |       <RevealOnView>

Expected '</', got 'jsx text'

Import trace:
  Server Component:
    ./components/content/FaqPageContent.tsx
    ./app/faq/page.tsx @ http://127.0.0.1:3000/_next/static/chunks/node_modules_next_dist_f3530cac._.js:3127
[   20669ms] [ERROR] ./components/content/FaqPageContent.tsx:59:17
Parsing ecmascript source code failed
  57 |               }}
  58 |             />
> 59 |           </div>
     |                 ^
> 60 |         </section>
     | ^^^^^^^^^
  61 |       </div>
  62 |
  63 |       <RevealOnView>

Expected '</', got 'jsx text'

Import trace:
  Server Component:
    ./components/content/FaqPageContent.tsx
    ./app/faq/page.tsx @ http://127.0.0.1:3000/_next/static/chunks/node_modules_next_dist_f3530cac._.js:3127
[   20722ms] [ERROR] ./components/content/FaqPageContent.tsx:59:17
Parsing ecmascript source code failed
  57 |               }}
  58 |             />
> 59 |           </div>
     |                 ^
> 60 |         </section>
     | ^^^^^^^^^
  61 |       </div>
  62 |
  63 |       <RevealOnView>

Expected '</', got 'jsx text'

Import trace:
  Server Component:
    ./components/content/FaqPageContent.tsx
    ./app/faq/page.tsx @ http://127.0.0.1:3000/_next/static/chunks/node_modules_next_dist_f3530cac._.js:3127
[   20775ms] [ERROR] ./components/content/FaqPageContent.tsx:59:17
Parsing ecmascript source code failed
  57 |               }}
  58 |             />
> 59 |           </div>
     |                 ^
> 60 |         </section>
     | ^^^^^^^^^
  61 |       </div>
  62 |
  63 |       <RevealOnView>

Expected '</', got 'jsx text'

Import trace:
  Server Component:
    ./components/content/FaqPageContent.tsx
    ./app/faq/page.tsx @ http://127.0.0.1:3000/_next/static/chunks/node_modules_next_dist_f3530cac._.js:3127
[   20822ms] [ERROR] ./components/content/FaqPageContent.tsx:59:17
Parsing ecmascript source code failed
  57 |               }}
  58 |             />
> 59 |           </div>
     |                 ^
> 60 |         </section>
     | ^^^^^^^^^
  61 |       </div>
  62 |
  63 |       <RevealOnView>

Expected '</', got 'jsx text'

Import trace:
  Server Component:
    ./components/content/FaqPageContent.tsx
    ./app/faq/page.tsx @ http://127.0.0.1:3000/_next/static/chunks/node_modules_next_dist_f3530cac._.js:3127
[   20875ms] [ERROR] ./components/content/FaqPageContent.tsx:59:17
Parsing ecmascript source code failed
  57 |               }}
  58 |             />
> 59 |           </div>
     |                 ^
> 60 |         </section>
     | ^^^^^^^^^
  61 |       </div>
  62 |
  63 |       <RevealOnView>

Expected '</', got 'jsx text'

Import trace:
  Server Component:
    ./components/content/FaqPageContent.tsx
    ./app/faq/page.tsx @ http://127.0.0.1:3000/_next/static/chunks/node_modules_next_dist_f3530cac._.js:3127
[   20925ms] [ERROR] ./components/content/FaqPageContent.tsx:59:17
Parsing ecmascript source code failed
  57 |               }}
  58 |             />
> 59 |           </div>
     |                 ^
> 60 |         </section>
     | ^^^^^^^^^
  61 |       </div>
  62 |
  63 |       <RevealOnView>

Expected '</', got 'jsx text'

Import trace:
  Server Component:
    ./components/content/FaqPageContent.tsx
    ./app/faq/page.tsx @ http://127.0.0.1:3000/_next/static/chunks/node_modules_next_dist_f3530cac._.js:3127
[   20976ms] [ERROR] ./components/content/FaqPageContent.tsx:59:17
Parsing ecmascript source code failed
  57 |               }}
  58 |             />
> 59 |           </div>
     |                 ^
> 60 |         </section>
     | ^^^^^^^^^
  61 |       </div>
  62 |
  63 |       <RevealOnView>

Expected '</', got 'jsx text'

Import trace:
  Server Component:
    ./components/content/FaqPageContent.tsx
    ./app/faq/page.tsx @ http://127.0.0.1:3000/_next/static/chunks/node_modules_next_dist_f3530cac._.js:3127
[   21020ms] [ERROR] ./components/content/FaqPageContent.tsx:59:17
Parsing ecmascript source code failed
  57 |               }}
  58 |             />
> 59 |           </div>
     |                 ^
> 60 |         </section>
     | ^^^^^^^^^
  61 |       </div>
  62 |
  63 |       <RevealOnView>

Expected '</', got 'jsx text'

Import trace:
  Server Component:
    ./components/content/FaqPageContent.tsx
    ./app/faq/page.tsx @ http://127.0.0.1:3000/_next/static/chunks/node_modules_next_dist_f3530cac._.js:3127
[   21072ms] [ERROR] ./components/content/FaqPageContent.tsx:59:17
Parsing ecmascript source code failed
  57 |               }}
  58 |             />
> 59 |           </div>
     |                 ^
> 60 |         </section>
     | ^^^^^^^^^
  61 |       </div>
  62 |
  63 |       <RevealOnView>

Expected '</', got 'jsx text'

Import trace:
  Server Component:
    ./components/content/FaqPageContent.tsx
    ./app/faq/page.tsx @ http://127.0.0.1:3000/_next/static/chunks/node_modules_next_dist_f3530cac._.js:3127
[   21124ms] [ERROR] ./components/content/FaqPageContent.tsx:59:17
Parsing ecmascript source code failed
  57 |               }}
  58 |             />
> 59 |           </div>
     |                 ^
> 60 |         </section>
     | ^^^^^^^^^
  61 |       </div>
  62 |
  63 |       <RevealOnView>

Expected '</', got 'jsx text'

Import trace:
  Server Component:
    ./components/content/FaqPageContent.tsx
    ./app/faq/page.tsx @ http://127.0.0.1:3000/_next/static/chunks/node_modules_next_dist_f3530cac._.js:3127
[   21175ms] [ERROR] ./components/content/FaqPageContent.tsx:59:17
Parsing ecmascript source code failed
  57 |               }}
  58 |             />
> 59 |           </div>
     |                 ^
> 60 |         </section>
     | ^^^^^^^^^
  61 |       </div>
  62 |
  63 |       <RevealOnView>

Expected '</', got 'jsx text'

Import trace:
  Server Component:
    ./components/content/FaqPageContent.tsx
    ./app/faq/page.tsx @ http://127.0.0.1:3000/_next/static/chunks/node_modules_next_dist_f3530cac._.js:3127
[   21227ms] [ERROR] ./components/content/FaqPageContent.tsx:59:17
Parsing ecmascript source code failed
  57 |               }}
  58 |             />
> 59 |           </div>
     |                 ^
> 60 |         </section>
     | ^^^^^^^^^
  61 |       </div>
  62 |
  63 |       <RevealOnView>

Expected '</', got 'jsx text'

Import trace:
  Server Component:
    ./components/content/FaqPageContent.tsx
    ./app/faq/page.tsx @ http://127.0.0.1:3000/_next/static/chunks/node_modules_next_dist_f3530cac._.js:3127
[   21278ms] [ERROR] ./components/content/FaqPageContent.tsx:59:17
Parsing ecmascript source code failed
  57 |               }}
  58 |             />
> 59 |           </div>
     |                 ^
> 60 |         </section>
     | ^^^^^^^^^
  61 |       </div>
  62 |
  63 |       <RevealOnView>

Expected '</', got 'jsx text'

Import trace:
  Server Component:
    ./components/content/FaqPageContent.tsx
    ./app/faq/page.tsx @ http://127.0.0.1:3000/_next/static/chunks/node_modules_next_dist_f3530cac._.js:3127
[   21330ms] [ERROR] ./components/content/FaqPageContent.tsx:59:17
Parsing ecmascript source code failed
  57 |               }}
  58 |             />
> 59 |           </div>
     |                 ^
> 60 |         </section>
     | ^^^^^^^^^
  61 |       </div>
  62 |
  63 |       <RevealOnView>

Expected '</', got 'jsx text'

Import trace:
  Server Component:
    ./components/content/FaqPageContent.tsx
    ./app/faq/page.tsx @ http://127.0.0.1:3000/_next/static/chunks/node_modules_next_dist_f3530cac._.js:3127
[   21383ms] [ERROR] ./components/content/FaqPageContent.tsx:59:17
Parsing ecmascript source code failed
  57 |               }}
  58 |             />
> 59 |           </div>
     |                 ^
> 60 |         </section>
     | ^^^^^^^^^
  61 |       </div>
  62 |
  63 |       <RevealOnView>

Expected '</', got 'jsx text'

Import trace:
  Server Component:
    ./components/content/FaqPageContent.tsx
    ./app/faq/page.tsx @ http://127.0.0.1:3000/_next/static/chunks/node_modules_next_dist_f3530cac._.js:3127
[   21436ms] [ERROR] ./components/content/FaqPageContent.tsx:59:17
Parsing ecmascript source code failed
  57 |               }}
  58 |             />
> 59 |           </div>
     |                 ^
> 60 |         </section>
     | ^^^^^^^^^
  61 |       </div>
  62 |
  63 |       <RevealOnView>

Expected '</', got 'jsx text'

Import trace:
  Server Component:
    ./components/content/FaqPageContent.tsx
    ./app/faq/page.tsx @ http://127.0.0.1:3000/_next/static/chunks/node_modules_next_dist_f3530cac._.js:3127
[   21489ms] [ERROR] ./components/content/FaqPageContent.tsx:59:17
Parsing ecmascript source code failed
  57 |               }}
  58 |             />
> 59 |           </div>
     |                 ^
> 60 |         </section>
     | ^^^^^^^^^
  61 |       </div>
  62 |
  63 |       <RevealOnView>

Expected '</', got 'jsx text'

Import trace:
  Server Component:
    ./components/content/FaqPageContent.tsx
    ./app/faq/page.tsx @ http://127.0.0.1:3000/_next/static/chunks/node_modules_next_dist_f3530cac._.js:3127
[   21541ms] [ERROR] ./components/content/FaqPageContent.tsx:59:17
Parsing ecmascript source code failed
  57 |               }}
  58 |             />
> 59 |           </div>
     |                 ^
> 60 |         </section>
     | ^^^^^^^^^
  61 |       </div>
  62 |
  63 |       <RevealOnView>

Expected '</', got 'jsx text'

Import trace:
  Server Component:
    ./components/content/FaqPageContent.tsx
    ./app/faq/page.tsx @ http://127.0.0.1:3000/_next/static/chunks/node_modules_next_dist_f3530cac._.js:3127
[   21592ms] [ERROR] ./components/content/FaqPageContent.tsx:59:17
Parsing ecmascript source code failed
  57 |               }}
  58 |             />
> 59 |           </div>
     |                 ^
> 60 |         </section>
     | ^^^^^^^^^
  61 |       </div>
  62 |
  63 |       <RevealOnView>

Expected '</', got 'jsx text'

Import trace:
  Server Component:
    ./components/content/FaqPageContent.tsx
    ./app/faq/page.tsx @ http://127.0.0.1:3000/_next/static/chunks/node_modules_next_dist_f3530cac._.js:3127
[   21644ms] [ERROR] ./components/content/FaqPageContent.tsx:59:17
Parsing ecmascript source code failed
  57 |               }}
  58 |             />
> 59 |           </div>
     |                 ^
> 60 |         </section>
     | ^^^^^^^^^
  61 |       </div>
  62 |
  63 |       <RevealOnView>

Expected '</', got 'jsx text'

Import trace:
  Server Component:
    ./components/content/FaqPageContent.tsx
    ./app/faq/page.tsx @ http://127.0.0.1:3000/_next/static/chunks/node_modules_next_dist_f3530cac._.js:3127
[   21696ms] [ERROR] ./components/content/FaqPageContent.tsx:59:17
Parsing ecmascript source code failed
  57 |               }}
  58 |             />
> 59 |           </div>
     |                 ^
> 60 |         </section>
     | ^^^^^^^^^
  61 |       </div>
  62 |
  63 |       <RevealOnView>

Expected '</', got 'jsx text'

Import trace:
  Server Component:
    ./components/content/FaqPageContent.tsx
    ./app/faq/page.tsx @ http://127.0.0.1:3000/_next/static/chunks/node_modules_next_dist_f3530cac._.js:3127
[   21748ms] [ERROR] ./components/content/FaqPageContent.tsx:59:17
Parsing ecmascript source code failed
  57 |               }}
  58 |             />
> 59 |           </div>
     |                 ^
> 60 |         </section>
     | ^^^^^^^^^
  61 |       </div>
  62 |
  63 |       <RevealOnView>

Expected '</', got 'jsx text'

Import trace:
  Server Component:
    ./components/content/FaqPageContent.tsx
    ./app/faq/page.tsx @ http://127.0.0.1:3000/_next/static/chunks/node_modules_next_dist_f3530cac._.js:3127
[   21799ms] [ERROR] ./components/content/FaqPageContent.tsx:59:17
Parsing ecmascript source code failed
  57 |               }}
  58 |             />
> 59 |           </div>
     |                 ^
> 60 |         </section>
     | ^^^^^^^^^
  61 |       </div>
  62 |
  63 |       <RevealOnView>

Expected '</', got 'jsx text'

Import trace:
  Server Component:
    ./components/content/FaqPageContent.tsx
    ./app/faq/page.tsx @ http://127.0.0.1:3000/_next/static/chunks/node_modules_next_dist_f3530cac._.js:3127
[   21849ms] [ERROR] ./components/content/FaqPageContent.tsx:59:17
Parsing ecmascript source code failed
  57 |               }}
  58 |             />
> 59 |           </div>
     |                 ^
> 60 |         </section>
     | ^^^^^^^^^
  61 |       </div>
  62 |
  63 |       <RevealOnView>

Expected '</', got 'jsx text'

Import trace:
  Server Component:
    ./components/content/FaqPageContent.tsx
    ./app/faq/page.tsx @ http://127.0.0.1:3000/_next/static/chunks/node_modules_next_dist_f3530cac._.js:3127
[   21900ms] [ERROR] ./components/content/FaqPageContent.tsx:59:17
Parsing ecmascript source code failed
  57 |               }}
  58 |             />
> 59 |           </div>
     |                 ^
> 60 |         </section>
     | ^^^^^^^^^
  61 |       </div>
  62 |
  63 |       <RevealOnView>

Expected '</', got 'jsx text'

Import trace:
  Server Component:
    ./components/content/FaqPageContent.tsx
    ./app/faq/page.tsx @ http://127.0.0.1:3000/_next/static/chunks/node_modules_next_dist_f3530cac._.js:3127
[   21950ms] [ERROR] ./components/content/FaqPageContent.tsx:59:17
Parsing ecmascript source code failed
  57 |               }}
  58 |             />
> 59 |           </div>
     |                 ^
> 60 |         </section>
     | ^^^^^^^^^
  61 |       </div>
  62 |
  63 |       <RevealOnView>

Expected '</', got 'jsx text'

Import trace:
  Server Component:
    ./components/content/FaqPageContent.tsx
    ./app/faq/page.tsx @ http://127.0.0.1:3000/_next/static/chunks/node_modules_next_dist_f3530cac._.js:3127
[   22001ms] [ERROR] ./components/content/FaqPageContent.tsx:59:17
Parsing ecmascript source code failed
  57 |               }}
  58 |             />
> 59 |           </div>
     |                 ^
> 60 |         </section>
     | ^^^^^^^^^
  61 |       </div>
  62 |
  63 |       <RevealOnView>

Expected '</', got 'jsx text'

Import trace:
  Server Component:
    ./components/content/FaqPageContent.tsx
    ./app/faq/page.tsx @ http://127.0.0.1:3000/_next/static/chunks/node_modules_next_dist_f3530cac._.js:3127
[   22052ms] [ERROR] ./components/content/FaqPageContent.tsx:59:17
Parsing ecmascript source code failed
  57 |               }}
  58 |             />
> 59 |           </div>
     |                 ^
> 60 |         </section>
     | ^^^^^^^^^
  61 |       </div>
  62 |
  63 |       <RevealOnView>

Expected '</', got 'jsx text'

Import trace:
  Server Component:
    ./components/content/FaqPageContent.tsx
    ./app/faq/page.tsx @ http://127.0.0.1:3000/_next/static/chunks/node_modules_next_dist_f3530cac._.js:3127
[   22105ms] [ERROR] ./components/content/FaqPageContent.tsx:59:17
Parsing ecmascript source code failed
  57 |               }}
  58 |             />
> 59 |           </div>
     |                 ^
> 60 |         </section>
     | ^^^^^^^^^
  61 |       </div>
  62 |
  63 |       <RevealOnView>

Expected '</', got 'jsx text'

Import trace:
  Server Component:
    ./components/content/FaqPageContent.tsx
    ./app/faq/page.tsx @ http://127.0.0.1:3000/_next/static/chunks/node_modules_next_dist_f3530cac._.js:3127
[   22156ms] [ERROR] ./components/content/FaqPageContent.tsx:59:17
Parsing ecmascript source code failed
  57 |               }}
  58 |             />
> 59 |           </div>
     |                 ^
> 60 |         </section>
     | ^^^^^^^^^
  61 |       </div>
  62 |
  63 |       <RevealOnView>

Expected '</', got 'jsx text'

Import trace:
  Server Component:
    ./components/content/FaqPageContent.tsx
    ./app/faq/page.tsx @ http://127.0.0.1:3000/_next/static/chunks/node_modules_next_dist_f3530cac._.js:3127
[   22208ms] [ERROR] ./components/content/FaqPageContent.tsx:59:17
Parsing ecmascript source code failed
  57 |               }}
  58 |             />
> 59 |           </div>
     |                 ^
> 60 |         </section>
     | ^^^^^^^^^
  61 |       </div>
  62 |
  63 |       <RevealOnView>

Expected '</', got 'jsx text'

Import trace:
  Server Component:
    ./components/content/FaqPageContent.tsx
    ./app/faq/page.tsx @ http://127.0.0.1:3000/_next/static/chunks/node_modules_next_dist_f3530cac._.js:3127
[   22260ms] [ERROR] ./components/content/FaqPageContent.tsx:59:17
Parsing ecmascript source code failed
  57 |               }}
  58 |             />
> 59 |           </div>
     |                 ^
> 60 |         </section>
     | ^^^^^^^^^
  61 |       </div>
  62 |
  63 |       <RevealOnView>

Expected '</', got 'jsx text'

Import trace:
  Server Component:
    ./components/content/FaqPageContent.tsx
    ./app/faq/page.tsx @ http://127.0.0.1:3000/_next/static/chunks/node_modules_next_dist_f3530cac._.js:3127
[   22313ms] [ERROR] ./components/content/FaqPageContent.tsx:59:17
Parsing ecmascript source code failed
  57 |               }}
  58 |             />
> 59 |           </div>
     |                 ^
> 60 |         </section>
     | ^^^^^^^^^
  61 |       </div>
  62 |
  63 |       <RevealOnView>

Expected '</', got 'jsx text'

Import trace:
  Server Component:
    ./components/content/FaqPageContent.tsx
    ./app/faq/page.tsx @ http://127.0.0.1:3000/_next/static/chunks/node_modules_next_dist_f3530cac._.js:3127
[   22365ms] [ERROR] ./components/content/FaqPageContent.tsx:59:17
Parsing ecmascript source code failed
  57 |               }}
  58 |             />
> 59 |           </div>
     |                 ^
> 60 |         </section>
     | ^^^^^^^^^
  61 |       </div>
  62 |
  63 |       <RevealOnView>

Expected '</', got 'jsx text'

Import trace:
  Server Component:
    ./components/content/FaqPageContent.tsx
    ./app/faq/page.tsx @ http://127.0.0.1:3000/_next/static/chunks/node_modules_next_dist_f3530cac._.js:3127
[   22415ms] [ERROR] ./components/content/FaqPageContent.tsx:59:17
Parsing ecmascript source code failed
  57 |               }}
  58 |             />
> 59 |           </div>
     |                 ^
> 60 |         </section>
     | ^^^^^^^^^
  61 |       </div>
  62 |
  63 |       <RevealOnView>

Expected '</', got 'jsx text'

Import trace:
  Server Component:
    ./components/content/FaqPageContent.tsx
    ./app/faq/page.tsx @ http://127.0.0.1:3000/_next/static/chunks/node_modules_next_dist_f3530cac._.js:3127
[   22466ms] [ERROR] ./components/content/FaqPageContent.tsx:59:17
Parsing ecmascript source code failed
  57 |               }}
  58 |             />
> 59 |           </div>
     |                 ^
> 60 |         </section>
     | ^^^^^^^^^
  61 |       </div>
  62 |
  63 |       <RevealOnView>

Expected '</', got 'jsx text'

Import trace:
  Server Component:
    ./components/content/FaqPageContent.tsx
    ./app/faq/page.tsx @ http://127.0.0.1:3000/_next/static/chunks/node_modules_next_dist_f3530cac._.js:3127
[   22516ms] [ERROR] ./components/content/FaqPageContent.tsx:59:17
Parsing ecmascript source code failed
  57 |               }}
  58 |             />
> 59 |           </div>
     |                 ^
> 60 |         </section>
     | ^^^^^^^^^
  61 |       </div>
  62 |
  63 |       <RevealOnView>

Expected '</', got 'jsx text'

Import trace:
  Server Component:
    ./components/content/FaqPageContent.tsx
    ./app/faq/page.tsx @ http://127.0.0.1:3000/_next/static/chunks/node_modules_next_dist_f3530cac._.js:3127
[   22567ms] [ERROR] ./components/content/FaqPageContent.tsx:59:17
Parsing ecmascript source code failed
  57 |               }}
  58 |             />
> 59 |           </div>
     |                 ^
> 60 |         </section>
     | ^^^^^^^^^
  61 |       </div>
  62 |
  63 |       <RevealOnView>

Expected '</', got 'jsx text'

Import trace:
  Server Component:
    ./components/content/FaqPageContent.tsx
    ./app/faq/page.tsx @ http://127.0.0.1:3000/_next/static/chunks/node_modules_next_dist_f3530cac._.js:3127
[   22619ms] [ERROR] ./components/content/FaqPageContent.tsx:59:17
Parsing ecmascript source code failed
  57 |               }}
  58 |             />
> 59 |           </div>
     |                 ^
> 60 |         </section>
     | ^^^^^^^^^
  61 |       </div>
  62 |
  63 |       <RevealOnView>

Expected '</', got 'jsx text'

Import trace:
  Server Component:
    ./components/content/FaqPageContent.tsx
    ./app/faq/page.tsx @ http://127.0.0.1:3000/_next/static/chunks/node_modules_next_dist_f3530cac._.js:3127
[   22670ms] [ERROR] ./components/content/FaqPageContent.tsx:59:17
Parsing ecmascript source code failed
  57 |               }}
  58 |             />
> 59 |           </div>
     |                 ^
> 60 |         </section>
     | ^^^^^^^^^
  61 |       </div>
  62 |
  63 |       <RevealOnView>

Expected '</', got 'jsx text'

Import trace:
  Server Component:
    ./components/content/FaqPageContent.tsx
    ./app/faq/page.tsx @ http://127.0.0.1:3000/_next/static/chunks/node_modules_next_dist_f3530cac._.js:3127
[   22722ms] [ERROR] ./components/content/FaqPageContent.tsx:59:17
Parsing ecmascript source code failed
  57 |               }}
  58 |             />
> 59 |           </div>
     |                 ^
> 60 |         </section>
     | ^^^^^^^^^
  61 |       </div>
  62 |
  63 |       <RevealOnView>

Expected '</', got 'jsx text'

Import trace:
  Server Component:
    ./components/content/FaqPageContent.tsx
    ./app/faq/page.tsx @ http://127.0.0.1:3000/_next/static/chunks/node_modules_next_dist_f3530cac._.js:3127
[   22774ms] [ERROR] ./components/content/FaqPageContent.tsx:59:17
Parsing ecmascript source code failed
  57 |               }}
  58 |             />
> 59 |           </div>
     |                 ^
> 60 |         </section>
     | ^^^^^^^^^
  61 |       </div>
  62 |
  63 |       <RevealOnView>

Expected '</', got 'jsx text'

Import trace:
  Server Component:
    ./components/content/FaqPageContent.tsx
    ./app/faq/page.tsx @ http://127.0.0.1:3000/_next/static/chunks/node_modules_next_dist_f3530cac._.js:3127
[   22826ms] [ERROR] ./components/content/FaqPageContent.tsx:59:17
Parsing ecmascript source code failed
  57 |               }}
  58 |             />
> 59 |           </div>
     |                 ^
> 60 |         </section>
     | ^^^^^^^^^
  61 |       </div>
  62 |
  63 |       <RevealOnView>

Expected '</', got 'jsx text'

Import trace:
  Server Component:
    ./components/content/FaqPageContent.tsx
    ./app/faq/page.tsx @ http://127.0.0.1:3000/_next/static/chunks/node_modules_next_dist_f3530cac._.js:3127
[   22877ms] [ERROR] ./components/content/FaqPageContent.tsx:59:17
Parsing ecmascript source code failed
  57 |               }}
  58 |             />
> 59 |           </div>
     |                 ^
> 60 |         </section>
     | ^^^^^^^^^
  61 |       </div>
  62 |
  63 |       <RevealOnView>

Expected '</', got 'jsx text'

Import trace:
  Server Component:
    ./components/content/FaqPageContent.tsx
    ./app/faq/page.tsx @ http://127.0.0.1:3000/_next/static/chunks/node_modules_next_dist_f3530cac._.js:3127
[   22926ms] [ERROR] ./components/content/FaqPageContent.tsx:59:17
Parsing ecmascript source code failed
  57 |               }}
  58 |             />
> 59 |           </div>
     |                 ^
> 60 |         </section>
     | ^^^^^^^^^
  61 |       </div>
  62 |
  63 |       <RevealOnView>

Expected '</', got 'jsx text'

Import trace:
  Server Component:
    ./components/content/FaqPageContent.tsx
    ./app/faq/page.tsx @ http://127.0.0.1:3000/_next/static/chunks/node_modules_next_dist_f3530cac._.js:3127
[   22978ms] [ERROR] ./components/content/FaqPageContent.tsx:59:17
Parsing ecmascript source code failed
  57 |               }}
  58 |             />
> 59 |           </div>
     |                 ^
> 60 |         </section>
     | ^^^^^^^^^
  61 |       </div>
  62 |
  63 |       <RevealOnView>

Expected '</', got 'jsx text'

Import trace:
  Server Component:
    ./components/content/FaqPageContent.tsx
    ./app/faq/page.tsx @ http://127.0.0.1:3000/_next/static/chunks/node_modules_next_dist_f3530cac._.js:3127
[   23023ms] [ERROR] ./components/content/FaqPageContent.tsx:59:17
Parsing ecmascript source code failed
  57 |               }}
  58 |             />
> 59 |           </div>
     |                 ^
> 60 |         </section>
     | ^^^^^^^^^
  61 |       </div>
  62 |
  63 |       <RevealOnView>

Expected '</', got 'jsx text'

Import trace:
  Server Component:
    ./components/content/FaqPageContent.tsx
    ./app/faq/page.tsx @ http://127.0.0.1:3000/_next/static/chunks/node_modules_next_dist_f3530cac._.js:3127
[   23066ms] [ERROR] ./components/content/FaqPageContent.tsx:59:17
Parsing ecmascript source code failed
  57 |               }}
  58 |             />
> 59 |           </div>
     |                 ^
> 60 |         </section>
     | ^^^^^^^^^
  61 |       </div>
  62 |
  63 |       <RevealOnView>

Expected '</', got 'jsx text'

Import trace:
  Server Component:
    ./components/content/FaqPageContent.tsx
    ./app/faq/page.tsx @ http://127.0.0.1:3000/_next/static/chunks/node_modules_next_dist_f3530cac._.js:3127
[   23107ms] [ERROR] ./components/content/FaqPageContent.tsx:59:17
Parsing ecmascript source code failed
  57 |               }}
  58 |             />
> 59 |           </div>
     |                 ^
> 60 |         </section>
     | ^^^^^^^^^
  61 |       </div>
  62 |
  63 |       <RevealOnView>

Expected '</', got 'jsx text'

Import trace:
  Server Component:
    ./components/content/FaqPageContent.tsx
    ./app/faq/page.tsx @ http://127.0.0.1:3000/_next/static/chunks/node_modules_next_dist_f3530cac._.js:3127
[   23149ms] [ERROR] ./components/content/FaqPageContent.tsx:59:17
Parsing ecmascript source code failed
  57 |               }}
  58 |             />
> 59 |           </div>
     |                 ^
> 60 |         </section>
     | ^^^^^^^^^
  61 |       </div>
  62 |
  63 |       <RevealOnView>

Expected '</', got 'jsx text'

Import trace:
  Server Component:
    ./components/content/FaqPageContent.tsx
    ./app/faq/page.tsx @ http://127.0.0.1:3000/_next/static/chunks/node_modules_next_dist_f3530cac._.js:3127
[   23193ms] [ERROR] ./components/content/FaqPageContent.tsx:59:17
Parsing ecmascript source code failed
  57 |               }}
  58 |             />
> 59 |           </div>
     |                 ^
> 60 |         </section>
     | ^^^^^^^^^
  61 |       </div>
  62 |
  63 |       <RevealOnView>

Expected '</', got 'jsx text'

Import trace:
  Server Component:
    ./components/content/FaqPageContent.tsx
    ./app/faq/page.tsx @ http://127.0.0.1:3000/_next/static/chunks/node_modules_next_dist_f3530cac._.js:3127
[   23239ms] [ERROR] ./components/content/FaqPageContent.tsx:59:17
Parsing ecmascript source code failed
  57 |               }}
  58 |             />
> 59 |           </div>
     |                 ^
> 60 |         </section>
     | ^^^^^^^^^
  61 |       </div>
  62 |
  63 |       <RevealOnView>

Expected '</', got 'jsx text'

Import trace:
  Server Component:
    ./components/content/FaqPageContent.tsx
    ./app/faq/page.tsx @ http://127.0.0.1:3000/_next/static/chunks/node_modules_next_dist_f3530cac._.js:3127
[   23283ms] [ERROR] ./components/content/FaqPageContent.tsx:59:17
Parsing ecmascript source code failed
  57 |               }}
  58 |             />
> 59 |           </div>
     |                 ^
> 60 |         </section>
     | ^^^^^^^^^
  61 |       </div>
  62 |
  63 |       <RevealOnView>

Expected '</', got 'jsx text'

Import trace:
  Server Component:
    ./components/content/FaqPageContent.tsx
    ./app/faq/page.tsx @ http://127.0.0.1:3000/_next/static/chunks/node_modules_next_dist_f3530cac._.js:3127
[   23329ms] [ERROR] ./components/content/FaqPageContent.tsx:59:17
Parsing ecmascript source code failed
  57 |               }}
  58 |             />
> 59 |           </div>
     |                 ^
> 60 |         </section>
     | ^^^^^^^^^
  61 |       </div>
  62 |
  63 |       <RevealOnView>

Expected '</', got 'jsx text'

Import trace:
  Server Component:
    ./components/content/FaqPageContent.tsx
    ./app/faq/page.tsx @ http://127.0.0.1:3000/_next/static/chunks/node_modules_next_dist_f3530cac._.js:3127
[   23382ms] [ERROR] ./components/content/FaqPageContent.tsx:59:17
Parsing ecmascript source code failed
  57 |               }}
  58 |             />
> 59 |           </div>
     |                 ^
> 60 |         </section>
     | ^^^^^^^^^
  61 |       </div>
  62 |
  63 |       <RevealOnView>

Expected '</', got 'jsx text'

Import trace:
  Server Component:
    ./components/content/FaqPageContent.tsx
    ./app/faq/page.tsx @ http://127.0.0.1:3000/_next/static/chunks/node_modules_next_dist_f3530cac._.js:3127
[   23425ms] [ERROR] ./components/content/FaqPageContent.tsx:59:17
Parsing ecmascript source code failed
  57 |               }}
  58 |             />
> 59 |           </div>
     |                 ^
> 60 |         </section>
     | ^^^^^^^^^
  61 |       </div>
  62 |
  63 |       <RevealOnView>

Expected '</', got 'jsx text'

Import trace:
  Server Component:
    ./components/content/FaqPageContent.tsx
    ./app/faq/page.tsx @ http://127.0.0.1:3000/_next/static/chunks/node_modules_next_dist_f3530cac._.js:3127
[   23467ms] [ERROR] ./components/content/FaqPageContent.tsx:59:17
Parsing ecmascript source code failed
  57 |               }}
  58 |             />
> 59 |           </div>
     |                 ^
> 60 |         </section>
     | ^^^^^^^^^
  61 |       </div>
  62 |
  63 |       <RevealOnView>

Expected '</', got 'jsx text'

Import trace:
  Server Component:
    ./components/content/FaqPageContent.tsx
    ./app/faq/page.tsx @ http://127.0.0.1:3000/_next/static/chunks/node_modules_next_dist_f3530cac._.js:3127
[   23517ms] [ERROR] ./components/content/FaqPageContent.tsx:59:17
Parsing ecmascript source code failed
  57 |               }}
  58 |             />
> 59 |           </div>
     |                 ^
> 60 |         </section>
     | ^^^^^^^^^
  61 |       </div>
  62 |
  63 |       <RevealOnView>

Expected '</', got 'jsx text'

Import trace:
  Server Component:
    ./components/content/FaqPageContent.tsx
    ./app/faq/page.tsx @ http://127.0.0.1:3000/_next/static/chunks/node_modules_next_dist_f3530cac._.js:3127
[   23569ms] [ERROR] ./components/content/FaqPageContent.tsx:59:17
Parsing ecmascript source code failed
  57 |               }}
  58 |             />
> 59 |           </div>
     |                 ^
> 60 |         </section>
     | ^^^^^^^^^
  61 |       </div>
  62 |
  63 |       <RevealOnView>

Expected '</', got 'jsx text'

Import trace:
  Server Component:
    ./components/content/FaqPageContent.tsx
    ./app/faq/page.tsx @ http://127.0.0.1:3000/_next/static/chunks/node_modules_next_dist_f3530cac._.js:3127
[   23619ms] [ERROR] ./components/content/FaqPageContent.tsx:59:17
Parsing ecmascript source code failed
  57 |               }}
  58 |             />
> 59 |           </div>
     |                 ^
> 60 |         </section>
     | ^^^^^^^^^
  61 |       </div>
  62 |
  63 |       <RevealOnView>

Expected '</', got 'jsx text'

Import trace:
  Server Component:
    ./components/content/FaqPageContent.tsx
    ./app/faq/page.tsx @ http://127.0.0.1:3000/_next/static/chunks/node_modules_next_dist_f3530cac._.js:3127
[   23672ms] [ERROR] ./components/content/FaqPageContent.tsx:59:17
Parsing ecmascript source code failed
  57 |               }}
  58 |             />
> 59 |           </div>
     |                 ^
> 60 |         </section>
     | ^^^^^^^^^
  61 |       </div>
  62 |
  63 |       <RevealOnView>

Expected '</', got 'jsx text'

Import trace:
  Server Component:
    ./components/content/FaqPageContent.tsx
    ./app/faq/page.tsx @ http://127.0.0.1:3000/_next/static/chunks/node_modules_next_dist_f3530cac._.js:3127
[   23724ms] [ERROR] ./components/content/FaqPageContent.tsx:59:17
Parsing ecmascript source code failed
  57 |               }}
  58 |             />
> 59 |           </div>
     |                 ^
> 60 |         </section>
     | ^^^^^^^^^
  61 |       </div>
  62 |
  63 |       <RevealOnView>

Expected '</', got 'jsx text'

Import trace:
  Server Component:
    ./components/content/FaqPageContent.tsx
    ./app/faq/page.tsx @ http://127.0.0.1:3000/_next/static/chunks/node_modules_next_dist_f3530cac._.js:3127
[   23775ms] [ERROR] ./components/content/FaqPageContent.tsx:59:17
Parsing ecmascript source code failed
  57 |               }}
  58 |             />
> 59 |           </div>
     |                 ^
> 60 |         </section>
     | ^^^^^^^^^
  61 |       </div>
  62 |
  63 |       <RevealOnView>

Expected '</', got 'jsx text'

Import trace:
  Server Component:
    ./components/content/FaqPageContent.tsx
    ./app/faq/page.tsx @ http://127.0.0.1:3000/_next/static/chunks/node_modules_next_dist_f3530cac._.js:3127
[   23817ms] [ERROR] ./components/content/FaqPageContent.tsx:59:17
Parsing ecmascript source code failed
  57 |               }}
  58 |             />
> 59 |           </div>
     |                 ^
> 60 |         </section>
     | ^^^^^^^^^
  61 |       </div>
  62 |
  63 |       <RevealOnView>

Expected '</', got 'jsx text'

Import trace:
  Server Component:
    ./components/content/FaqPageContent.tsx
    ./app/faq/page.tsx @ http://127.0.0.1:3000/_next/static/chunks/node_modules_next_dist_f3530cac._.js:3127
[   23869ms] [ERROR] ./components/content/FaqPageContent.tsx:59:17
Parsing ecmascript source code failed
  57 |               }}
  58 |             />
> 59 |           </div>
     |                 ^
> 60 |         </section>
     | ^^^^^^^^^
  61 |       </div>
  62 |
  63 |       <RevealOnView>

Expected '</', got 'jsx text'

Import trace:
  Server Component:
    ./components/content/FaqPageContent.tsx
    ./app/faq/page.tsx @ http://127.0.0.1:3000/_next/static/chunks/node_modules_next_dist_f3530cac._.js:3127
[   23921ms] [ERROR] ./components/content/FaqPageContent.tsx:59:17
Parsing ecmascript source code failed
  57 |               }}
  58 |             />
> 59 |           </div>
     |                 ^
> 60 |         </section>
     | ^^^^^^^^^
  61 |       </div>
  62 |
  63 |       <RevealOnView>

Expected '</', got 'jsx text'

Import trace:
  Server Component:
    ./components/content/FaqPageContent.tsx
    ./app/faq/page.tsx @ http://127.0.0.1:3000/_next/static/chunks/node_modules_next_dist_f3530cac._.js:3127
[   24045ms] [LOG] [Fast Refresh] rebuilding @ http://127.0.0.1:3000/_next/static/chunks/node_modules_next_dist_f3530cac._.js:2297
[   24594ms] [LOG] [Fast Refresh] done in 540ms @ http://127.0.0.1:3000/_next/static/chunks/node_modules_next_dist_f3530cac._.js:2297
[   24785ms] [LOG] [Fast Refresh] rebuilding @ http://127.0.0.1:3000/_next/static/chunks/node_modules_next_dist_f3530cac._.js:2297
[   24971ms] [LOG] [Fast Refresh] done in 287ms @ http://127.0.0.1:3000/_next/static/chunks/node_modules_next_dist_f3530cac._.js:2297
[   25654ms] [LOG] [Fast Refresh] rebuilding @ http://127.0.0.1:3000/_next/static/chunks/node_modules_next_dist_f3530cac._.js:2297
[   25664ms] [LOG] [Fast Refresh] done in 112ms @ http://127.0.0.1:3000/_next/static/chunks/node_modules_next_dist_f3530cac._.js:2297
[   25963ms] [LOG] [Fast Refresh] rebuilding @ http://127.0.0.1:3000/_next/static/chunks/node_modules_next_dist_f3530cac._.js:2297
[   25978ms] [LOG] [Fast Refresh] done in 56ms @ http://127.0.0.1:3000/_next/static/chunks/node_modules_next_dist_f3530cac._.js:2297
[   26097ms] [LOG] [Fast Refresh] rebuilding @ http://127.0.0.1:3000/_next/static/chunks/node_modules_next_dist_f3530cac._.js:2297
[   27917ms] [LOG] [Fast Refresh] done in 1920ms @ http://127.0.0.1:3000/_next/static/chunks/node_modules_next_dist_f3530cac._.js:2297
[   28079ms] [LOG] [Fast Refresh] rebuilding @ http://127.0.0.1:3000/_next/static/chunks/node_modules_next_dist_f3530cac._.js:2297
[   28101ms] [LOG] [Fast Refresh] done in 124ms @ http://127.0.0.1:3000/_next/static/chunks/node_modules_next_dist_f3530cac._.js:2297
[   31629ms] [INFO] %cDownload the React DevTools for a better development experience: https://react.dev/link/react-devtools font-weight:bold @ http://127.0.0.1:3000/_next/static/chunks/node_modules_next_dist_f3530cac._.js:2297
[   31659ms] [LOG] [HMR] connected @ http://127.0.0.1:3000/_next/static/chunks/node_modules_next_dist_f3530cac._.js:2297
